Datum,Warengruppe,Umsatz
2013-07-01,1,148.828353112183
2013-07-02,1,159.79375714468
2013-07-03,1,111.885593514353
2013-07-04,1,168.864940979931
2013-07-05,1,171.280754117955
2013-07-06,1,174.552359998476
2013-07-07,1,92.6377553788373
2013-07-08,1,135.500244042392
2013-07-09,1,136.048382778344
2013-07-10,1,135.132314289581
2013-07-11,1,138.549392636714
2013-07-12,1,101.447511461298
2013-07-13,1,141.233309883732
2013-07-14,1,112.524365708762
2013-07-15,1,161.264677322182
2013-07-16,1,116.821358174215
2013-07-17,1,150.572919592838
2013-07-18,1,101.90072129658
2013-07-19,1,161.63511518654
2013-07-20,1,134.328076682024
2013-07-21,1,66.2887578161955
2013-07-22,1,131.223948997842
2013-07-23,1,110.315246796665
2013-07-24,1,141.891908195545
2013-07-25,1,167.701216640907
2013-07-26,1,147.272084366206
2013-07-27,1,161.403357795112
2013-07-28,1,86.0791432446654
2013-07-29,1,183.564164400591
2013-07-30,1,132.111640117897
2013-07-31,1,144.745431773143
2013-08-01,1,157.854023011106
2013-08-02,1,117.359342094889
2013-08-03,1,186.027178770079
2013-08-04,1,104.708216687715
2013-08-05,1,146.775309890073
2013-08-06,1,131.956277381283
2013-08-07,1,160.593417296116
2013-08-08,1,153.099424561652
2013-08-09,1,125.620344387906
2013-08-10,1,185.177162656408
2013-08-11,1,73.2088330039992
2013-08-12,1,154.504729536697
2013-08-13,1,134.064451548102
2013-08-14,1,156.972510536869
2013-08-15,1,164.763795399756
2013-08-16,1,147.79799759804
2013-08-17,1,221.630418006017
2013-08-18,1,92.489778506026
2013-08-19,1,145.87913275728
2013-08-20,1,111.842396126739
2013-08-21,1,125.336522713024
2013-08-22,1,132.916428220302
2013-08-23,1,162.958958703106
2013-08-24,1,201.543109556297
2013-08-25,1,83.0226725739551
2013-08-26,1,165.829031676714
2013-08-27,1,118.473650434102
2013-08-28,1,108.876991442649
2013-08-29,1,178.178023803315
2013-08-30,1,133.150828452892
2013-08-31,1,130.821314898435
2013-09-01,1,95.9704314892471
2013-09-02,1,138.408723210465
2013-09-03,1,138.825618927843
2013-09-04,1,100.221969526295
2013-09-05,1,173.658100347255
2013-09-06,1,171.415179710314
2013-09-07,1,186.034060963767
2013-09-08,1,88.8925958109828
2013-09-09,1,169.359968504942
2013-09-10,1,89.6944536084346
2013-09-11,1,103.363686559795
2013-09-12,1,106.474399987548
2013-09-13,1,122.564626199915
2013-09-14,1,174.938807466572
2013-09-15,1,55.1960062296304
2013-09-16,1,146.760234890658
2013-09-17,1,136.118044538363
2013-09-18,1,152.255085210606
2013-09-19,1,148.674992078993
2013-09-20,1,110.159250328825
2013-09-21,1,178.263887943827
2013-09-22,1,86.6668973821597
2013-09-23,1,111.128410563554
2013-09-24,1,139.64144576808
2013-09-25,1,117.94119333604
2013-09-26,1,203.314345156607
2013-09-27,1,135.507291692088
2013-09-28,1,134.613756840197
2013-09-29,1,68.6316896995448
2013-09-30,1,156.502435955326
2013-10-01,1,123.397540137977
2013-10-02,1,196.720969158391
2013-10-03,1,75.2337302417469
2013-10-04,1,156.066122625816
2013-10-05,1,152.280762053885
2013-10-06,1,92.4805772695364
2013-10-07,1,124.841544023845
2013-10-08,1,96.867100978839
2013-10-09,1,149.761758936995
2013-10-10,1,119.300284972145
2013-10-11,1,123.2348187168
2013-10-12,1,140.262421715801
2013-10-13,1,42.9967926268111
2013-10-14,1,109.863744271226
2013-10-15,1,130.431802598324
2013-10-16,1,146.070583461057
2013-10-17,1,89.9411837855476
2013-10-18,1,111.233698203856
2013-10-19,1,121.590860465012
2013-10-20,1,70.1419855298474
2013-10-21,1,122.987868193302
2013-10-22,1,111.927088663048
2013-10-23,1,125.816016210178
2013-10-24,1,123.163406361057
2013-10-25,1,113.661858634409
2013-10-26,1,161.678805315967
2013-10-27,1,102.355195816072
2013-10-28,1,129.482192717092
2013-10-29,1,112.285893935052
2013-10-30,1,121.506077008915
2013-10-31,1,133.723541287582
2013-11-01,1,100.182160485504
2013-11-02,1,149.172348030766
2013-11-03,1,97.4532740046654
2013-11-04,1,137.864260444157
2013-11-05,1,103.700267261952
2013-11-06,1,109.097001107423
2013-11-07,1,118.470603286455
2013-11-08,1,132.796244239256
2013-11-09,1,99.9317959514759
2013-11-10,1,108.561660295105
2013-11-11,1,124.580485617569
2013-11-12,1,111.970870543294
2013-11-13,1,78.0382483442215
2013-11-14,1,121.180219705286
2013-11-15,1,122.76929773359
2013-11-16,1,126.793397398979
2013-11-17,1,74.3945185864517
2013-11-18,1,129.109032642028
2013-11-19,1,106.906118646237
2013-11-20,1,124.324612351715
2013-11-21,1,144.359927455555
2013-11-22,1,107.962731413831
2013-11-23,1,96.5196766761341
2013-11-24,1,76.4120061231823
2013-11-25,1,129.81992805086
2013-11-26,1,123.431703158233
2013-11-27,1,93.5321454303922
2013-11-28,1,128.842426194061
2013-11-29,1,104.966463375073
2013-11-30,1,104.09003869481
2013-12-01,1,68.0762231823542
2013-12-02,1,113.931498716313
2013-12-03,1,94.7658652080226
2013-12-04,1,128.922855106228
2013-12-05,1,120.974699669869
2013-12-06,1,112.015650593347
2013-12-07,1,121.408564819885
2013-12-08,1,36.2650169585334
2013-12-09,1,134.680550018524
2013-12-10,1,104.352034970751
2013-12-11,1,85.9079819233536
2013-12-12,1,88.2075449690532
2013-12-13,1,85.5324935340658
2013-12-14,1,120.787742012371
2013-12-15,1,71.5352172710921
2013-12-16,1,120.791211521354
2013-12-17,1,74.6283250889016
2013-12-18,1,86.4115250991858
2013-12-19,1,101.589644453608
2013-12-20,1,114.601001275823
2013-12-21,1,124.541759682586
2013-12-22,1,41.7300439888931
2013-12-23,1,183.608991270752
2013-12-24,1,220.330670230618
2013-12-27,1,152.367434643543
2013-12-29,1,131.267289010755
2013-12-30,1,126.58984459848
2013-12-31,1,211.390838466052
2014-01-02,1,153.166492227541
2014-01-03,1,109.484763536521
2014-01-04,1,116.250540066432
2014-01-05,1,67.7899909491401
2014-01-06,1,146.911067784297
2014-01-07,1,147.5457609484
2014-01-08,1,99.9068767897401
2014-01-09,1,113.541525918277
2014-01-10,1,119.05554059635
2014-01-11,1,127.95986526115
2014-01-12,1,83.4017498521773
2014-01-13,1,103.994034974792
2014-01-14,1,166.347532764571
2014-01-15,1,139.042567223334
2014-01-16,1,117.779119691395
2014-01-17,1,94.7938386484339
2014-01-18,1,102.633649837911
2014-01-19,1,53.0014671833047
2014-01-20,1,99.6819363621683
2014-01-21,1,116.784600007305
2014-01-22,1,102.344424741026
2014-01-23,1,105.740276056438
2014-01-24,1,143.164448746188
2014-01-25,1,129.09233380561
2014-01-26,1,65.4883238458282
2014-01-27,1,177.797639286942
2014-01-28,1,63.9844736113181
2014-01-29,1,75.1156293987916
2014-01-30,1,140.794194214435
2014-01-31,1,133.303478983532
2014-02-01,1,101.932146850505
2014-02-02,1,76.7574943519772
2014-02-03,1,154.323103655617
2014-02-04,1,130.284962020954
2014-02-05,1,128.512982776585
2014-02-06,1,93.2145715747619
2014-02-07,1,99.7607356052368
2014-02-08,1,120.862739831777
2014-02-09,1,57.0074894928223
2014-02-10,1,154.183743327497
2014-02-11,1,93.6050031862626
2014-02-12,1,165.738384661521
2014-02-13,1,112.481302733138
2014-02-14,1,127.922310495651
2014-02-15,1,169.517528839106
2014-02-16,1,66.1488570531461
2014-02-17,1,139.563931976797
2014-02-18,1,101.128808084497
2014-02-19,1,139.712963296062
2014-02-20,1,115.493305434483
2014-02-21,1,195.749507104036
2014-02-22,1,138.333592943018
2014-02-23,1,79.4422222430818
2014-02-24,1,152.556733984074
2014-02-25,1,115.741936459404
2014-02-26,1,95.0173566075507
2014-02-27,1,142.599019478366
2014-02-28,1,121.868073185287
2014-03-01,1,140.96854447309
2014-03-02,1,78.304687930775
2014-03-03,1,123.816845981151
2014-03-04,1,110.664379295042
2014-03-05,1,104.010771805795
2014-03-06,1,119.64957040592
2014-03-07,1,115.297355656246
2014-03-08,1,116.679903321343
2014-03-09,1,92.618539664325
2014-03-10,1,150.516891177572
2014-03-11,1,151.221168841794
2014-03-12,1,91.0474158512995
2014-03-13,1,141.400369720196
2014-03-14,1,123.912083680615
2014-03-15,1,137.683942432828
2014-03-16,1,67.1675793738149
2014-03-17,1,141.547905542998
2014-03-18,1,88.2250444509535
2014-03-19,1,99.6845823880711
2014-03-20,1,128.138232106811
2014-03-21,1,104.8547456835
2014-03-22,1,130.851901605861
2014-03-23,1,71.128447822127
2014-03-24,1,174.642338237835
2014-03-25,1,130.828394911681
2014-03-26,1,164.073709880608
2014-03-27,1,217.595707302914
2014-03-28,1,210.364589078685
2014-03-29,1,201.442576014825
2014-03-30,1,77.0718729480323
2014-03-31,1,165.782083579859
2014-04-01,1,143.934571968464
2014-04-02,1,145.793768476637
2014-04-03,1,199.334213779063
2014-04-04,1,149.094869799179
2014-04-05,1,166.366651532902
2014-04-06,1,79.4656989548114
2014-04-07,1,175.863088463562
2014-04-08,1,104.711261779938
2014-04-09,1,168.945582350845
2014-04-10,1,153.689913112803
2014-04-11,1,150.197974521935
2014-04-12,1,230.41912840806
2014-04-13,1,106.9717520005
2014-04-14,1,126.41212420811
2014-04-15,1,109.472548649702
2014-04-16,1,110.647041867212
2014-04-17,1,259.250121969818
2014-04-19,1,290.428956680919
2014-04-20,1,57.7509189177541
2014-04-21,1,109.431179378053
2014-04-22,1,169.196248011103
2014-04-23,1,162.980101956576
2014-04-24,1,155.338780558714
2014-04-25,1,103.620395874603
2014-04-26,1,143.988134045973
2014-04-27,1,67.5791269771508
2014-04-28,1,142.899118015523
2014-04-29,1,145.382373304754
2014-04-30,1,168.447583367336
2014-05-02,1,194.877300541007
2014-05-05,1,344.712427419033
2014-05-06,1,117.634364611904
2014-05-07,1,90.0459392081919
2014-05-08,1,149.299133313087
2014-05-09,1,93.4116822522153
2014-05-10,1,123.724674602317
2014-05-11,1,61.0065824620734
2014-05-12,1,117.63724487723
2014-05-13,1,140.036281903001
2014-05-14,1,107.299783874075
2014-05-15,1,123.833393024816
2014-05-16,1,182.247331664509
2014-05-17,1,128.405482365147
2014-05-18,1,94.9265718873585
2014-05-19,1,108.184039506908
2014-05-20,1,112.779561925048
2014-05-21,1,123.754439846218
2014-05-22,1,116.368035292474
2014-05-23,1,129.753386763715
2014-05-24,1,117.223121200496
2014-05-25,1,85.7502216285052
2014-05-26,1,117.265384467109
2014-05-27,1,114.85034360851
2014-05-28,1,190.55318445032
2014-05-29,1,85.879848415963
2014-05-30,1,187.239006431102
2014-05-31,1,171.347524831197
2014-06-01,1,93.4027092149433
2014-06-02,1,199.723160641356
2014-06-03,1,142.538025704362
2014-06-04,1,137.397470737802
2014-06-05,1,194.604241155943
2014-06-06,1,181.64230467912
2014-06-07,1,199.282826637538
2014-06-08,1,116.13410257794
2014-06-09,1,110.83826883308
2014-06-10,1,183.918754774297
2014-06-11,1,149.446544671322
2014-06-12,1,139.828728810289
2014-06-13,1,181.076990157327
2014-06-14,1,198.692957520375
2014-06-15,1,54.0249702204705
2014-06-16,1,162.607017592405
2014-06-17,1,124.562218396083
2014-06-18,1,137.865777862035
2014-06-19,1,129.894799169399
2014-06-20,1,175.728748384125
2014-06-21,1,162.410672754329
2014-06-22,1,99.6276132843513
2014-06-23,1,130.997404965594
2014-06-24,1,119.068455962972
2014-06-25,1,114.248639971521
2014-06-26,1,139.644833904018
2014-06-27,1,149.199619823898
2014-06-28,1,234.368963456298
2014-06-29,1,99.024824945212
2014-06-30,1,171.873065791742
2014-07-01,1,79.4657766414776
2014-07-02,1,130.353573545155
2014-07-03,1,158.210589058586
2014-07-04,1,112.903849016111
2014-07-05,1,150.979319145129
2014-07-06,1,84.8042447667398
2014-07-07,1,142.241358541915
2014-07-08,1,109.606492090567
2014-07-09,1,116.752191041734
2014-07-10,1,132.724706258412
2014-07-11,1,180.711513583786
2014-07-12,1,142.331090508761
2014-07-13,1,80.4531140833734
2014-07-14,1,153.698550894933
2014-07-15,1,157.385041577792
2014-07-16,1,158.680478444563
2014-07-17,1,160.5229296933
2014-07-18,1,119.811042532772
2014-07-19,1,144.785544515647
2014-07-20,1,111.990298336233
2014-07-21,1,137.703002341753
2014-07-22,1,152.134170467115
2014-07-23,1,144.39193026197
2014-07-24,1,163.309889093623
2014-07-25,1,145.131799090901
2014-07-26,1,171.321523510186
2014-07-27,1,90.1816334935297
2014-07-28,1,157.813837411395
2014-07-29,1,144.455051194281
2014-07-30,1,137.868369774792
2014-07-31,1,174.333709830106
2014-08-01,1,153.966193788182
2014-08-02,1,189.444073316264
2014-08-03,1,75.380692980006
2014-08-04,1,190.631341627449
2014-08-05,1,158.481203915988
2014-08-06,1,140.003286627353
2014-08-07,1,172.493580385229
2014-08-08,1,194.226703064487
2014-08-09,1,216.790146013299
2014-08-10,1,98.5919510239083
2014-08-11,1,186.843287518034
2014-08-12,1,155.633056469153
2014-08-13,1,129.960879412869
2014-08-14,1,162.312059256018
2014-08-15,1,232.668688554884
2014-08-16,1,229.321098599377
2014-08-18,1,204.943578961263
2014-08-19,1,157.516513226105
2014-08-20,1,175.194857952978
2014-08-21,1,177.59614021373
2014-08-22,1,196.422158119718
2014-08-23,1,226.633053661476
2014-08-24,1,151.925968486667
2014-08-25,1,202.245341655226
2014-08-26,1,143.842260185182
2014-08-27,1,141.124540763453
2014-08-28,1,147.59794847913
2014-08-29,1,119.001507763099
2014-08-30,1,162.81504486744
2014-08-31,1,136.994199378168
2014-09-01,1,192.583927536972
2014-09-02,1,93.4032112729648
2014-09-03,1,128.100882145258
2014-09-04,1,118.732274802375
2014-09-05,1,168.798990410438
2014-09-06,1,165.47761720592
2014-09-07,1,48.9648440975496
2014-09-08,1,177.361261107402
2014-09-09,1,128.017374563252
2014-09-10,1,173.546299647139
2014-09-11,1,165.169051552497
2014-09-12,1,130.3659563908
2014-09-13,1,152.497010928097
2014-09-14,1,60.5960658536456
2014-09-15,1,154.556691403417
2014-09-16,1,106.657464651771
2014-09-17,1,140.230426469916
2014-09-18,1,168.767383241785
2014-09-19,1,140.144453118865
2014-09-20,1,197.959086294477
2014-09-21,1,80.5859142164798
2014-09-22,1,134.865103794751
2014-09-23,1,140.774695330895
2014-09-24,1,108.711123767423
2014-09-25,1,108.067086651751
2014-09-26,1,117.377429960871
2014-09-27,1,139.171163845637
2014-09-28,1,60.4829614839036
2014-09-29,1,146.640779180328
2014-09-30,1,125.317010604255
2014-10-01,1,159.473253138624
2014-10-02,1,183.411275500045
2014-10-03,1,62.591191559266
2014-10-04,1,194.365187583031
2014-10-05,1,82.1342445154272
2014-10-06,1,178.335670094664
2014-10-07,1,141.858863346968
2014-10-08,1,134.873921318631
2014-10-09,1,134.324856819578
2014-10-10,1,132.317020180874
2014-10-11,1,181.071063711796
2014-10-12,1,97.9850226394533
2014-10-13,1,129.878383258938
2014-10-14,1,175.011253800233
2014-10-15,1,206.8382090708
2014-10-16,1,147.570549356915
2014-10-17,1,144.357853437456
2014-10-18,1,158.152130377889
2014-10-19,1,58.8534096103563
2014-10-20,1,158.382558902343
2014-10-21,1,125.363981222897
2014-10-22,1,127.765051280508
2014-10-23,1,144.21773201944
2014-10-24,1,203.173639154115
2014-10-25,1,191.425316581712
2014-10-26,1,116.487886781866
2014-10-27,1,121.416970836256
2014-10-28,1,136.094268676769
2014-10-29,1,103.569554336818
2014-10-30,1,122.18216764664
2014-10-31,1,132.486279254048
2014-11-01,1,142.507059241702
2014-11-02,1,99.288586999622
2014-11-03,1,137.822879577546
2014-11-04,1,103.123747563607
2014-11-05,1,113.078967477055
2014-11-06,1,138.399464430445
2014-11-07,1,125.3258349714
2014-11-08,1,165.663474985222
2014-11-09,1,118.446930009839
2014-11-10,1,132.450933802593
2014-11-11,1,122.885078853966
2014-11-12,1,95.3481999188746
2014-11-13,1,143.750350209673
2014-11-14,1,133.77429991274
2014-11-15,1,157.956829595601
2014-11-16,1,69.2794517983636
2014-11-17,1,138.752246637463
2014-11-18,1,134.68843263499
2014-11-19,1,131.262024072649
2014-11-20,1,131.314789763352
2014-11-21,1,142.895603194534
2014-11-22,1,92.6616360079896
2014-11-23,1,88.8532704507342
2014-11-24,1,135.495058395216
2014-11-25,1,125.776456029191
2014-11-26,1,98.5421347532514
2014-11-27,1,114.36674051771
2014-11-28,1,125.770265298128
2014-11-29,1,143.276224653699
2014-11-30,1,70.5238191319592
2014-12-01,1,128.454115308343
2014-12-02,1,154.242632883405
2014-12-03,1,133.99080245511
2014-12-04,1,124.167763102648
2014-12-05,1,83.5104305885102
2014-12-06,1,127.894073901772
2014-12-07,1,75.5129227390682
2014-12-08,1,102.678761832615
2014-12-09,1,110.476546068652
2014-12-10,1,99.9187171842705
2014-12-11,1,109.754570057738
2014-12-12,1,109.142671748118
2014-12-13,1,124.956684401136
2014-12-14,1,102.80557310108
2014-12-15,1,96.3136936339829
2014-12-16,1,97.7685842370004
2014-12-17,1,102.856835442046
2014-12-18,1,112.769700687238
2014-12-19,1,100.434605432296
2014-12-20,1,92.9765497836537
2014-12-21,1,74.1776353738615
2014-12-22,1,166.062608421996
2014-12-23,1,184.21718934313
2014-12-24,1,289.724706873301
2014-12-27,1,133.160219555693
2014-12-28,1,65.5011765409885
2014-12-29,1,159.353174871792
2014-12-30,1,171.900364677079
2014-12-31,1,253.25502096677
2015-01-02,1,171.436480362582
2015-01-03,1,146.725466464595
2015-01-04,1,69.2618750164446
2015-01-05,1,159.498680849924
2015-01-06,1,116.621821467299
2015-01-07,1,116.046870294295
2015-01-08,1,88.9219763738156
2015-01-09,1,89.5158553261206
2015-01-10,1,67.954839483437
2015-01-11,1,102.503556455298
2015-01-12,1,122.717043089708
2015-01-13,1,86.441812930424
2015-01-14,1,72.7918398175921
2015-01-15,1,93.7671799134285
2015-01-16,1,131.913950068001
2015-01-17,1,115.086208812258
2015-01-18,1,47.8910511689248
2015-01-19,1,138.935449172918
2015-01-20,1,116.932538278351
2015-01-21,1,90.1034587863099
2015-01-22,1,135.950512983467
2015-01-23,1,130.976061288992
2015-01-24,1,140.03186322028
2015-01-25,1,94.493388512183
2015-01-26,1,150.51678717379
2015-01-27,1,141.518792699705
2015-01-28,1,124.273404481234
2015-01-29,1,129.932530553471
2015-01-30,1,100.75421525386
2015-01-31,1,129.039421255357
2015-02-01,1,92.189837282486
2015-02-02,1,159.254353701805
2015-02-03,1,112.095171542871
2015-02-04,1,111.66941350432
2015-02-05,1,133.827962608871
2015-02-06,1,136.337106368056
2015-02-07,1,130.642229801113
2015-02-08,1,62.750062992056
2015-02-09,1,112.747460478504
2015-02-10,1,94.7581535487495
2015-02-11,1,94.7022920091949
2015-02-12,1,99.5801689919554
2015-02-13,1,91.3547288868634
2015-02-14,1,62.2346006049711
2015-02-15,1,96.7929953706798
2015-02-16,1,118.255475071685
2015-02-17,1,118.509639861913
2015-02-18,1,123.267817249283
2015-02-19,1,123.69090336092
2015-02-20,1,117.287703917599
2015-02-21,1,107.174143505865
2015-02-22,1,70.4631468349699
2015-02-23,1,66.8925102653853
2015-02-24,1,105.730056008902
2015-02-25,1,81.6177684403834
2015-02-26,1,104.017958777385
2015-02-27,1,101.514216092369
2015-02-28,1,99.5688944630867
2015-03-01,1,45.7343245346269
2015-03-02,1,104.963808490064
2015-03-03,1,96.3163361056603
2015-03-04,1,76.5028628068188
2015-03-05,1,115.664704258596
2015-03-06,1,100.668607215573
2015-03-07,1,106.704697425172
2015-03-08,1,80.654299664346
2015-03-09,1,145.517595242024
2015-03-10,1,120.053548888447
2015-03-11,1,77.5925278766144
2015-03-12,1,123.321210172569
2015-03-13,1,104.09727840711
2015-03-14,1,98.2811856068814
2015-03-15,1,56.9672232806217
2015-03-16,1,136.698666060069
2015-03-17,1,136.644449549369
2015-03-18,1,117.213496435657
2015-03-19,1,121.351949525045
2015-03-20,1,125.078492851656
2015-03-21,1,113.449213775737
2015-03-22,1,71.5711481513957
2015-03-23,1,129.186723027161
2015-03-24,1,114.539801718388
2015-03-25,1,85.7675699240561
2015-03-26,1,126.909561618178
2015-03-27,1,113.205121341153
2015-03-28,1,177.270608855771
2015-03-29,1,56.8890738313162
2015-03-30,1,110.288515770675
2015-03-31,1,101.620422865145
2015-04-01,1,134.425214341545
2015-04-02,1,269.424940927989
2015-04-04,1,274.149943740529
2015-04-05,1,102.981646842744
2015-04-06,1,60.1445223461642
2015-04-07,1,115.651138885906
2015-04-08,1,89.8685552544395
2015-04-09,1,157.556996562067
2015-04-10,1,125.640782296666
2015-04-11,1,149.471145855324
2015-04-12,1,39.0548694183738
2015-04-13,1,94.5357769724487
2015-04-14,1,95.7358790995654
2015-04-15,1,102.93265639072
2015-04-16,1,90.5282058330727
2015-04-17,1,91.0744308710578
2015-04-18,1,103.305896790347
2015-04-19,1,25.46219373912
2015-04-20,1,113.238537617252
2015-04-21,1,121.935695795117
2015-04-22,1,115.982784302446
2015-04-23,1,109.647753246652
2015-04-24,1,93.8539762667653
2015-04-25,1,121.601177999412
2015-04-26,1,71.0071270593663
2015-04-27,1,151.174833546803
2015-04-28,1,91.0866799976838
2015-04-29,1,135.750739524874
2015-04-30,1,185.547465909923
2015-05-02,1,205.277811156554
2015-05-03,1,49.1824014028742
2015-05-04,1,141.916859730021
2015-05-05,1,98.3386635883964
2015-05-06,1,112.613312971486
2015-05-07,1,119.486322756166
2015-05-08,1,108.528740811492
2015-05-09,1,122.939690460506
2015-05-10,1,54.676729153515
2015-05-11,1,129.877961813861
2015-05-12,1,94.6018729487518
2015-05-13,1,166.814781762185
2015-05-14,1,53.434236162362
2015-05-15,1,147.271258346731
2015-05-16,1,164.984948024753
2015-05-17,1,63.05558764595
2015-05-18,1,103.802316848696
2015-05-19,1,142.786482873821
2015-05-20,1,92.0360687468511
2015-05-21,1,147.957523681187
2015-05-22,1,146.094397822298
2015-05-23,1,212.693141838497
2015-05-24,1,125.559999732516
2015-05-25,1,93.8478895546048
2015-05-26,1,126.885645229909
2015-05-27,1,102.221242794941
2015-05-28,1,113.871596753032
2015-05-29,1,132.425641438842
2015-05-30,1,120.295569303579
2015-05-31,1,53.2747806032447
2015-06-01,1,131.799875274321
2015-06-02,1,96.0309134237217
2015-06-03,1,92.2734256379415
2015-06-04,1,157.745638949818
2015-06-05,1,90.8260563665041
2015-06-06,1,160.016912242355
2015-06-07,1,81.0228908423745
2015-06-08,1,118.620010509136
2015-06-09,1,103.751614199022
2015-06-10,1,109.672600519434
2015-06-11,1,82.2394493227455
2015-06-12,1,110.933345275547
2015-06-13,1,149.304738265576
2015-06-14,1,54.200791257504
2015-06-15,1,142.542446445232
2015-06-16,1,79.0982929727138
2015-06-17,1,97.5436336746583
2015-06-18,1,140.824064614319
2015-06-19,1,119.985803432121
2015-06-20,1,146.634813820399
2015-06-21,1,77.1354317914719
2015-06-22,1,135.938737758693
2015-06-23,1,122.481453982781
2015-06-24,1,128.059192073461
2015-06-25,1,178.518522583761
2015-06-26,1,148.837350354137
2015-06-27,1,169.797038127635
2015-06-28,1,77.928316055467
2015-06-29,1,167.270204460311
2015-06-30,1,148.605225316688
2015-07-01,1,120.186667934639
2015-07-02,1,146.638389294812
2015-07-03,1,144.951813259044
2015-07-04,1,147.076833346115
2015-07-05,1,42.8195772957965
2015-07-06,1,152.361597385545
2015-07-07,1,84.0059287460532
2015-07-08,1,102.368510926785
2015-07-09,1,135.630723416396
2015-07-10,1,124.786803993428
2015-07-11,1,130.113145531335
2015-07-12,1,88.6540564733359
2015-07-13,1,139.54366165469
2015-07-14,1,130.501224284384
2015-07-15,1,107.10110548093
2015-07-16,1,137.546863233232
2015-07-17,1,59.6756480447039
2015-07-18,1,103.421875467186
2015-07-19,1,72.7912616085759
2015-07-20,1,112.088314087437
2015-07-21,1,110.3163345983
2015-07-22,1,142.22779347136
2015-07-23,1,203.264125340781
2015-07-24,1,190.774205174228
2015-07-25,1,153.059769404023
2015-07-26,1,128.285416683932
2015-07-27,1,133.375781082704
2015-07-28,1,145.923878713879
2015-07-29,1,158.819215783308
2015-07-30,1,146.484382697433
2015-07-31,1,161.092565120206
2015-08-01,1,218.255357934206
2015-08-02,1,79.8524484948349
2015-08-03,1,146.571539190605
2015-08-04,1,181.610236114437
2015-08-05,1,159.979977487315
2015-08-06,1,205.307474929514
2015-08-07,1,161.405348220657
2015-08-08,1,257.886451180439
2015-08-09,1,99.3844971171306
2015-08-10,1,107.823834818728
2015-08-11,1,111.719493582218
2015-08-12,1,105.910085115263
2015-08-13,1,130.032330328273
2015-08-14,1,136.48598470265
2015-08-15,1,143.900495093016
2015-08-16,1,70.3788768512555
2015-08-17,1,131.235107926437
2015-08-18,1,150.330138057285
2015-08-19,1,114.337019826085
2015-08-20,1,136.545303473007
2015-08-21,1,111.539105361957
2015-08-22,1,192.310003941578
2015-08-23,1,69.2444084339642
2015-08-24,1,133.255520595342
2015-08-25,1,117.118263733
2015-08-26,1,91.6168944111224
2015-08-27,1,141.911779920259
2015-08-28,1,139.289247760728
2015-08-29,1,126.140648787117
2015-08-30,1,106.277493756171
2015-08-31,1,161.450718481947
2015-09-01,1,119.890051286369
2015-09-02,1,83.7391536190601
2015-09-03,1,114.383066784309
2015-09-04,1,143.916404225232
2015-09-05,1,156.958185021103
2015-09-06,1,82.710116719476
2015-09-07,1,153.007856994447
2015-09-08,1,101.974900564771
2015-09-09,1,85.9654454506722
2015-09-10,1,117.413494347263
2015-09-11,1,104.972387940673
2015-09-12,1,133.717384428962
2015-09-13,1,103.751245279575
2015-09-14,1,133.510832118078
2015-09-15,1,139.402208193743
2015-09-16,1,133.689772019809
2015-09-17,1,110.514257948888
2015-09-18,1,142.732270753669
2015-09-19,1,130.810510295333
2015-09-20,1,78.983124398745
2015-09-21,1,121.131518972434
2015-09-22,1,95.7635024410138
2015-09-23,1,113.985638571579
2015-09-24,1,114.429804827026
2015-09-25,1,106.295868104001
2015-09-26,1,157.874583198782
2015-09-27,1,68.6546901854519
2015-09-28,1,110.384754268745
2015-09-29,1,107.172499358255
2015-09-30,1,115.168250758514
2015-10-01,1,111.736624736966
2015-10-02,1,135.233441535145
2015-10-03,1,59.6051413782784
2015-10-04,1,56.1124326265758
2015-10-05,1,160.729447285732
2015-10-06,1,174.298357024457
2015-10-07,1,162.817648369254
2015-10-08,1,126.317035048177
2015-10-09,1,149.251607689849
2015-10-10,1,142.819418608991
2015-10-11,1,86.9624118426862
2015-10-12,1,192.294672820891
2015-10-13,1,121.893907688931
2015-10-14,1,111.050169347629
2015-10-15,1,137.955865633247
2015-10-16,1,152.38092597735
2015-10-17,1,156.794820766382
2015-10-18,1,23.1084060436499
2015-10-19,1,110.888803557782
2015-10-20,1,100.850948230594
2015-10-21,1,112.590628824215
2015-10-22,1,120.599207022792
2015-10-23,1,170.601696726685
2015-10-24,1,156.651794474863
2015-10-25,1,61.41483523667
2015-10-26,1,133.31507822802
2015-10-27,1,83.2407894196966
2015-10-28,1,90.9366155404553
2015-10-29,1,149.468634696244
2015-10-30,1,105.50955151958
2015-10-31,1,115.50901951675
2015-11-01,1,82.8860192358928
2015-11-02,1,122.852345589113
2015-11-03,1,84.553670001191
2015-11-04,1,98.2032297845558
2015-11-05,1,95.5565289254052
2015-11-06,1,70.8871682954291
2015-11-07,1,122.555120081886
2015-11-08,1,84.144949463918
2015-11-09,1,142.252605742127
2015-11-10,1,54.2491742553091
2015-11-11,1,97.3992914498514
2015-11-12,1,68.1250970120964
2015-11-13,1,137.78054839384
2015-11-14,1,111.437166094331
2015-11-15,1,51.1508390696867
2015-11-16,1,105.42649422144
2015-11-17,1,100.395764258721
2015-11-18,1,114.494850154785
2015-11-19,1,134.988103054341
2015-11-20,1,74.7164382653143
2015-11-21,1,101.399264556987
2015-11-22,1,24.7966336699915
2015-11-23,1,154.755493939717
2015-11-24,1,72.2488946542933
2015-11-25,1,77.2817709171028
2015-11-26,1,88.5864343689461
2015-11-27,1,106.092543130648
2015-11-28,1,107.179811171241
2015-11-29,1,58.3202195832375
2015-11-30,1,116.154576103571
2015-12-01,1,82.6707016113753
2015-12-02,1,76.6057982454552
2015-12-03,1,105.563330698629
2015-12-04,1,131.863727048158
2015-12-05,1,76.8168361163005
2015-12-06,1,60.0342630227906
2015-12-07,1,88.562588014754
2015-12-08,1,81.9208577619633
2015-12-09,1,72.712284202785
2015-12-10,1,87.3496995999479
2015-12-11,1,73.56275671083
2015-12-12,1,116.377705397521
2015-12-13,1,56.5437174806995
2015-12-14,1,113.623981570417
2015-12-15,1,78.8474877114111
2015-12-16,1,110.850649097379
2015-12-17,1,103.843516197661
2015-12-18,1,88.7319424672478
2015-12-19,1,143.442015501486
2015-12-20,1,51.7103695029047
2015-12-21,1,112.891222676487
2015-12-22,1,89.2481374766772
2015-12-23,1,205.881287125549
2015-12-24,1,195.39980134501
2015-12-27,1,50.7942094660487
2015-12-28,1,127.385224894884
2015-12-29,1,125.989547665193
2015-12-30,1,143.702283482079
2015-12-31,1,249.037809581614
2016-01-02,1,122.885747411276
2016-01-03,1,67.3281609732765
2016-01-04,1,128.822051799542
2016-01-05,1,105.310039162795
2016-01-06,1,90.0053108415906
2016-01-07,1,155.456329863677
2016-01-08,1,68.7481180605328
2016-01-09,1,88.5967160881984
2016-01-10,1,39.937818475784
2016-01-11,1,123.468161375388
2016-01-12,1,96.7749099762038
2016-01-13,1,69.6713814579147
2016-01-14,1,103.240917970383
2016-01-15,1,76.7043334988454
2016-01-16,1,134.82042208679
2016-01-17,1,41.7306726855902
2016-01-18,1,113.848186314372
2016-01-19,1,99.3856405745354
2016-01-20,1,79.1353473096275
2016-01-21,1,108.595935694673
2016-01-22,1,96.3055837260512
2016-01-23,1,96.7489428154796
2016-01-24,1,41.653137191445
2016-01-25,1,101.660734532574
2016-01-26,1,93.194311458274
2016-01-27,1,86.5509289158139
2016-01-28,1,124.556569599892
2016-01-29,1,91.0082856635981
2016-01-30,1,90.1685996751073
2016-01-31,1,52.0502097378234
2016-02-01,1,100.874631975329
2016-02-02,1,101.820989696245
2016-02-03,1,114.464238664044
2016-02-04,1,128.594824919993
2016-02-05,1,124.433139717936
2016-02-06,1,121.619679418936
2016-02-07,1,85.2218274039122
2016-02-08,1,88.3772693920283
2016-02-09,1,89.5365624321665
2016-02-10,1,64.7482479156876
2016-02-11,1,90.7630000858516
2016-02-12,1,92.3826818576777
2016-02-13,1,124.492562694277
2016-02-14,1,75.4669049257995
2016-02-15,1,136.432230966611
2016-02-16,1,68.0478380664933
2016-02-17,1,115.322591894885
2016-02-18,1,130.016478349823
2016-02-19,1,121.1062736985
2016-02-20,1,85.2473137621134
2016-02-21,1,57.7117326850023
2016-02-22,1,64.1054034695987
2016-02-23,1,70.6172908787781
2016-02-24,1,85.7581547356481
2016-02-25,1,115.0558696768
2016-02-26,1,73.6223080391586
2016-02-27,1,77.3392765156887
2016-02-28,1,67.9028508038449
2016-02-29,1,100.734692257053
2016-03-01,1,94.4073594599461
2016-03-02,1,76.3795550110334
2016-03-03,1,116.797066860726
2016-03-04,1,100.459635238409
2016-03-05,1,126.558308460523
2016-03-06,1,63.6973176810197
2016-03-07,1,100.739810297883
2016-03-08,1,121.47081943624
2016-03-09,1,134.50464200454
2016-03-10,1,144.670919387674
2016-03-11,1,147.967084273896
2016-03-12,1,156.983737754714
2016-03-13,1,85.1258324563042
2016-03-14,1,82.3443055655689
2016-03-15,1,135.410674142097
2016-03-16,1,149.729711282462
2016-03-17,1,171.39484313798
2016-03-18,1,107.770107847376
2016-03-19,1,123.305215643708
2016-03-20,1,60.1580699950504
2016-03-21,1,111.594469309437
2016-03-22,1,123.498900492749
2016-03-23,1,170.980616905401
2016-03-26,1,233.436259088557
2016-03-27,1,92.2009391869641
2016-03-28,1,78.9437065311216
2016-03-29,1,119.200195257023
2016-03-30,1,60.5126024929405
2016-03-31,1,98.7497125455811
2016-04-01,1,126.578280724595
2016-04-02,1,87.3944207425519
2016-04-03,1,59.9447846766429
2016-04-04,1,137.947934007478
2016-04-05,1,94.142825899826
2016-04-06,1,115.447838356541
2016-04-07,1,89.6184406128346
2016-04-08,1,78.1961621702536
2016-04-09,1,147.991506901966
2016-04-10,1,52.0436407239646
2016-04-11,1,123.702699233727
2016-04-12,1,132.521415737209
2016-04-13,1,94.2383228667346
2016-04-14,1,147.451316499508
2016-04-15,1,114.065751428593
2016-04-16,1,154.36608888434
2016-04-17,1,47.0066493758308
2016-04-18,1,118.988739758524
2016-04-19,1,118.548088668147
2016-04-20,1,97.0075160140583
2016-04-21,1,162.612344751633
2016-04-22,1,113.388253179464
2016-04-23,1,92.1021778355632
2016-04-24,1,75.6222245885521
2016-04-25,1,120.296897891865
2016-04-26,1,110.811927318748
2016-04-27,1,109.900043591409
2016-04-28,1,144.258444140683
2016-04-29,1,141.971140303684
2016-04-30,1,133.934264874241
2016-05-01,1,75.0855680153977
2016-05-02,1,80.5343204678304
2016-05-03,1,121.044237577884
2016-05-04,1,143.517586627587
2016-05-05,1,63.2181127337263
2016-05-06,1,128.636414764642
2016-05-07,1,130.740469962421
2016-05-08,1,70.7536194190359
2016-05-09,1,115.102371461682
2016-05-10,1,92.2789261138812
2016-05-11,1,85.9296410490685
2016-05-12,1,120.372349558473
2016-05-13,1,122.111295888313
2016-05-14,1,163.420994743525
2016-05-15,1,45.1928439286054
2016-05-16,1,98.0010179281108
2016-05-17,1,126.175939525105
2016-05-18,1,124.058397743762
2016-05-19,1,103.539894371924
2016-05-20,1,142.315044989541
2016-05-21,1,134.348751582816
2016-05-22,1,44.0664524465327
2016-05-23,1,92.0461391783152
2016-05-24,1,93.689577938849
2016-05-25,1,114.416569643787
2016-05-26,1,118.05896130267
2016-05-27,1,132.359505113365
2016-05-28,1,80.6332169733006
2016-05-29,1,62.5013270429653
2016-05-30,1,134.578807812252
2016-05-31,1,98.9116462513412
2016-06-01,1,89.3200184546117
2016-06-02,1,118.366755856865
2016-06-03,1,126.172805594165
2016-06-04,1,129.472695112237
2016-06-05,1,56.1643884923837
2016-06-06,1,96.630281826456
2016-06-07,1,120.649972381176
2016-06-08,1,90.3183766916616
2016-06-09,1,176.623705667701
2016-06-10,1,138.780097990443
2016-06-11,1,146.289691920675
2016-06-12,1,41.3202517417741
2016-06-13,1,157.032598847473
2016-06-14,1,119.96846203145
2016-06-15,1,98.597982186145
2016-06-16,1,132.226336008048
2016-06-17,1,96.4894878589786
2016-06-18,1,178.053503357419
2016-06-19,1,47.3015501376727
2016-06-20,1,154.234328655126
2016-06-21,1,122.723468787436
2016-06-22,1,98.8851882321757
2016-06-23,1,159.229870584471
2016-06-24,1,146.028836187358
2016-06-25,1,160.675602624552
2016-06-26,1,70.9661977461169
2016-06-27,1,163.747099559984
2016-06-28,1,120.494624396019
2016-06-29,1,115.226044727455
2016-06-30,1,165.845034983749
2016-07-01,1,114.432331782581
2016-07-02,1,151.530588705805
2016-07-03,1,69.2208725565689
2016-07-04,1,162.311728521353
2016-07-05,1,99.5359318621793
2016-07-06,1,108.94000089499
2016-07-08,1,127.247931501737
2016-07-09,1,115.811353583804
2016-07-10,1,74.7486671975863
2016-07-11,1,143.298039553454
2016-07-12,1,98.8521437980355
2016-07-13,1,136.905968374288
2016-07-14,1,116.126177275812
2016-07-15,1,132.699943835378
2016-07-16,1,157.221628294765
2016-07-17,1,42.885878239169
2016-07-19,1,110.715440210892
2016-07-20,1,104.132660811651
2016-07-21,1,131.784060768095
2016-07-22,1,113.407010430872
2016-07-23,1,146.464945803733
2016-07-24,1,92.7879182201905
2016-07-25,1,185.227061025517
2016-07-26,1,192.381770532513
2016-07-27,1,159.997122537331
2016-07-28,1,164.354295781258
2016-07-29,1,177.670184792223
2016-07-30,1,166.601426920218
2016-07-31,1,91.3605121122705
2016-08-01,1,161.443574230918
2016-08-02,1,135.72195457448
2016-08-03,1,160.92640354873
2016-08-04,1,190.138048133153
2016-08-05,1,156.95610535683
2016-08-06,1,175.282574113376
2016-08-07,1,71.899100617287
2016-08-08,1,164.185739816663
2016-08-09,1,168.392491471408
2016-08-10,1,146.108444701411
2016-08-11,1,155.445190548365
2016-08-12,1,172.772180030773
2016-08-13,1,242.04298764093
2016-08-16,1,111.26757761232
2016-08-17,1,133.724113213579
2016-08-18,1,166.491293516648
2016-08-19,1,163.439489694208
2016-08-20,1,168.383074897518
2016-08-21,1,64.0296375905993
2016-08-22,1,132.218707810364
2016-08-23,1,100.797638745173
2016-08-24,1,128.031689472655
2016-08-25,1,131.898041645196
2016-08-26,1,113.857651667203
2016-08-27,1,143.728050251138
2016-08-28,1,64.0609471983839
2016-08-29,1,117.093542214261
2016-08-30,1,146.236249515322
2016-08-31,1,133.333037402885
2016-09-01,1,134.059380486205
2016-09-02,1,85.2045971552449
2016-09-03,1,167.820279051247
2016-09-04,1,63.5013684156845
2016-09-05,1,162.984490197691
2016-09-06,1,95.8411144296674
2016-09-07,1,109.455420848433
2016-09-08,1,125.091909371069
2016-09-09,1,148.877333962067
2016-09-10,1,140.376787154846
2016-09-11,1,85.7357676571596
2016-09-12,1,129.296154663315
2016-09-13,1,110.165491085845
2016-09-14,1,101.506886848651
2016-09-15,1,139.038489572332
2016-09-16,1,82.9657291003825
2016-09-17,1,120.786599548847
2016-09-18,1,93.160862383955
2016-09-19,1,114.697410367889
2016-09-20,1,147.044940899915
2016-09-21,1,113.835673304499
2016-09-22,1,124.063350220345
2016-09-23,1,123.203567184748
2016-09-24,1,124.760380048605
2016-09-25,1,50.7009834904937
2016-09-26,1,100.687007359059
2016-09-27,1,124.380118113529
2016-09-28,1,120.131624904303
2016-09-29,1,106.899462001863
2016-09-30,1,126.366800158974
2016-10-01,1,173.938069367793
2016-10-02,1,56.3004091147622
2016-10-03,1,62.1746495327839
2016-10-04,1,172.446738288365
2016-10-05,1,114.574136259055
2016-10-06,1,136.945957744399
2016-10-07,1,134.611025021576
2016-10-08,1,147.66789204124
2016-10-09,1,53.3156087813301
2016-10-10,1,130.880964042862
2016-10-11,1,85.4801757621986
2016-10-12,1,98.0361155623953
2016-10-13,1,148.18590913848
2016-10-14,1,93.8261887010055
2016-10-15,1,132.894647230153
2016-10-16,1,74.5534527201843
2016-10-17,1,120.547856066705
2016-10-18,1,110.361356326637
2016-10-19,1,110.217732943397
2016-10-20,1,115.866476082293
2016-10-21,1,114.340023882369
2016-10-22,1,160.103777760669
2016-10-23,1,71.392684860845
2016-10-24,1,101.614370965389
2016-10-25,1,74.5196202965945
2016-10-26,1,75.1781153356293
2016-10-27,1,107.497900955149
2016-10-28,1,125.569231616337
2016-10-29,1,151.413102878923
2016-10-30,1,68.3827588351215
2016-10-31,1,116.860031849405
2016-11-01,1,109.272941497746
2016-11-02,1,98.5457706234247
2016-11-03,1,146.232819423347
2016-11-04,1,97.3009447369516
2016-11-05,1,109.228922348071
2016-11-06,1,95.267777844009
2016-11-07,1,95.942904642186
2016-11-08,1,98.6134473987209
2016-11-09,1,102.800778634922
2016-11-10,1,104.94423726981
2016-11-11,1,79.7625074114877
2016-11-12,1,138.827828111692
2016-11-13,1,55.4419452131555
2016-11-14,1,107.975134464159
2016-11-15,1,97.521559634551
2016-11-16,1,131.997447886261
2016-11-17,1,120.999764172375
2016-11-18,1,125.620231572559
2016-11-19,1,98.4835152120726
2016-11-20,1,52.4424952545878
2016-11-21,1,121.378744787554
2016-11-22,1,87.2731117646776
2016-11-23,1,91.3408874396352
2016-11-24,1,122.474432163973
2016-11-25,1,82.9237972563907
2016-11-26,1,116.639176452944
2016-11-27,1,49.7963022970208
2016-11-28,1,112.658765618467
2016-11-29,1,103.870082800741
2016-11-30,1,128.456546571317
2016-12-01,1,107.538858358439
2016-12-02,1,94.5038724434251
2016-12-03,1,122.439207453624
2016-12-04,1,70.0253014166919
2016-12-05,1,119.636013828757
2016-12-06,1,98.3868204798713
2016-12-07,1,106.089285160058
2016-12-08,1,127.742791107649
2016-12-09,1,81.5452124764518
2016-12-10,1,82.9865412318734
2016-12-11,1,58.5289054212942
2016-12-12,1,89.5461152835577
2016-12-13,1,86.1880456725954
2016-12-14,1,75.4039519341152
2016-12-15,1,137.130260969332
2016-12-16,1,86.0242406261287
2016-12-18,1,158.08476137293
2016-12-19,1,97.2450388316804
2016-12-20,1,82.2737744983917
2016-12-21,1,107.055526767408
2016-12-22,1,102.318594196839
2016-12-23,1,189.733379813939
2016-12-24,1,182.243850046631
2016-12-27,1,132.534941139693
2016-12-28,1,92.6053954826362
2016-12-29,1,281.809035845441
2016-12-30,1,130.743678525635
2016-12-31,1,288.843105743746
2017-01-02,1,127.942753867048
2017-01-03,1,89.4483348556559
2017-01-04,1,119.050990891285
2017-01-05,1,115.680238055479
2017-01-06,1,101.303945374724
2017-01-07,1,71.69205028378
2017-01-08,1,54.8212865043727
2017-01-09,1,116.228031726541
2017-01-10,1,114.536612160932
2017-01-11,1,49.4763974006414
2017-01-12,1,73.7827205206854
2017-01-13,1,114.532728222355
2017-01-14,1,128.56240804852
2017-01-15,1,57.5415780818905
2017-01-16,1,88.9021282031328
2017-01-17,1,82.1819950215278
2017-01-18,1,88.8649502286419
2017-01-19,1,119.723025026725
2017-01-20,1,87.1766818830841
2017-01-21,1,107.032520387605
2017-01-22,1,57.9895653139982
2017-01-23,1,86.9879013792807
2017-01-24,1,95.5104682174382
2017-01-25,1,64.9830364754336
2017-01-26,1,116.676851600561
2017-01-27,1,88.2521352952121
2017-01-28,1,119.776887506826
2017-01-29,1,30.3865291347707
2017-01-30,1,95.5900521407205
2017-01-31,1,92.8994636837401
2017-02-01,1,66.5673255870155
2017-02-02,1,89.9254398203578
2017-02-03,1,78.3684128353329
2017-02-04,1,108.219789178826
2017-02-05,1,57.4532745562637
2017-02-06,1,132.177431806535
2017-02-07,1,132.849204976505
2017-02-08,1,117.004984635316
2017-02-09,1,119.337453228786
2017-02-10,1,121.144021086338
2017-02-11,1,100.989205252472
2017-02-12,1,44.557352092852
2017-02-13,1,119.108720290684
2017-02-14,1,141.073519448693
2017-02-15,1,100.825877196342
2017-02-16,1,146.826941839259
2017-02-17,1,151.638373911674
2017-02-18,1,141.71660063089
2017-02-19,1,62.0097969516182
2017-02-20,1,66.0328545899126
2017-02-21,1,109.49615849071
2017-02-22,1,61.7410274782351
2017-02-23,1,83.2419409328517
2017-02-24,1,125.53740598929
2017-02-25,1,115.341612709924
2017-02-26,1,51.7803618656751
2017-02-27,1,122.569495991968
2017-02-28,1,83.0765621031534
2017-03-01,1,125.217450323725
2017-03-02,1,129.890356481374
2017-03-03,1,87.3180596980489
2017-03-04,1,98.7435434121811
2017-03-05,1,34.5835550634367
2017-03-06,1,89.6750437494664
2017-03-07,1,100.15087379542
2017-03-08,1,94.9229502187465
2017-03-09,1,111.351351910469
2017-03-10,1,100.450621108239
2017-03-11,1,121.869883897373
2017-03-12,1,95.7356255719552
2017-03-13,1,120.053295378394
2017-03-14,1,87.0000890332702
2017-03-15,1,92.6236598779842
2017-03-16,1,110.643982291844
2017-03-17,1,112.504534119038
2017-03-18,1,106.208725638613
2017-03-19,1,36.557110132907
2017-03-20,1,97.3489147113908
2017-03-21,1,126.927370810771
2017-03-22,1,101.415037514976
2017-03-23,1,100.177760988448
2017-03-24,1,128.368364908016
2017-03-25,1,97.8900868337535
2017-03-26,1,85.2187867213704
2017-03-27,1,162.660207279858
2017-03-28,1,107.613301109633
2017-03-29,1,141.002747009982
2017-03-30,1,151.539022676893
2017-03-31,1,195.105275573427
2017-04-01,1,224.207429968001
2017-04-02,1,90.4108850533697
2017-04-03,1,187.854069053637
2017-04-04,1,167.875773750993
2017-04-05,1,98.318686836073
2017-04-06,1,142.738966819238
2017-04-07,1,153.13878108102
2017-04-08,1,183.065412513501
2017-04-09,1,78.3925102817988
2017-04-10,1,157.029670654949
2017-04-11,1,142.450858065516
2017-04-12,1,127.466200723679
2017-04-13,1,357.843060948626
2017-04-15,1,396.16076955053
2017-04-16,1,87.2043256933579
2017-04-17,1,23.1962791847882
2017-04-18,1,123.947010890956
2017-04-19,1,107.21034333897
2017-04-20,1,145.310365058131
2017-04-21,1,124.895216030507
2017-04-22,1,81.3906991756264
2017-04-23,1,54.169922075821
2017-04-24,1,92.4677986737874
2017-04-25,1,80.9218016064876
2017-04-26,1,82.1124954906633
2017-04-27,1,98.0715104557433
2017-04-28,1,125.456981753476
2017-04-29,1,123.277101467222
2017-04-30,1,60.2450021630226
2017-05-02,1,155.095888788648
2017-05-03,1,118.326086080103
2017-05-04,1,149.956078967988
2017-05-05,1,86.0402504738117
2017-05-06,1,137.068189796743
2017-05-07,1,89.0086685072793
2017-05-08,1,148.83378586129
2017-05-09,1,94.3672716433608
2017-05-10,1,110.05390644857
2017-05-11,1,142.677183364091
2017-05-12,1,155.268162620008
2017-05-13,1,132.162595452678
2017-05-14,1,81.7822715275506
2017-05-15,1,152.569401591519
2017-05-16,1,133.170424802247
2017-05-17,1,80.7776768540183
2017-05-18,1,103.501730355572
2017-05-19,1,84.0165889848927
2017-05-20,1,174.274302653978
2017-05-21,1,55.8214595630896
2017-05-22,1,138.415948678585
2017-05-23,1,96.780584678581
2017-05-24,1,136.939147637809
2017-05-25,1,83.9282232026622
2017-05-26,1,127.227158892085
2017-05-27,1,128.587609179322
2017-05-28,1,72.2162693070431
2017-05-29,1,138.960680835425
2017-05-30,1,112.762433854322
2017-05-31,1,128.075086840652
2017-06-01,1,122.612602773757
2017-06-02,1,109.568315162716
2017-06-03,1,147.340788187836
2017-06-04,1,71.186698283748
2017-06-05,1,51.613320416559
2017-06-06,1,129.923307518664
2017-06-07,1,96.3261708017248
2017-06-08,1,109.25094379784
2017-06-09,1,146.050825934372
2017-06-10,1,155.244457489777
2017-06-11,1,71.2809920560123
2017-06-12,1,134.798408035579
2017-06-13,1,118.641824642293
2017-06-14,1,107.822210054913
2017-06-15,1,121.510818120738
2017-06-16,1,159.386053748275
2017-06-17,1,152.587185601354
2017-06-18,1,75.1727854873289
2017-06-19,1,146.631334543439
2017-06-20,1,127.815304326711
2017-06-21,1,120.022105971466
2017-06-22,1,78.1688619382617
2017-06-23,1,160.591006007475
2017-06-24,1,213.304834757744
2017-06-25,1,69.3531645812572
2017-06-26,1,155.543228693566
2017-06-27,1,135.490018589734
2017-06-28,1,110.528030025808
2017-06-29,1,126.32363509346
2017-06-30,1,118.656267761961
2017-07-01,1,142.537037918789
2017-07-02,1,63.6146685898519
2017-07-03,1,144.589969427013
2017-07-05,1,137.917961104922
2017-07-06,1,170.80244658411
2017-07-07,1,136.561795937936
2017-07-08,1,156.573447907018
2017-07-09,1,76.246567028981
2017-07-10,1,140.641759507657
2017-07-11,1,134.174542819592
2017-07-12,1,92.5453856390347
2017-07-13,1,165.69253636193
2017-07-14,1,161.336234262394
2017-07-15,1,161.368243588646
2017-07-16,1,83.446445422438
2017-07-17,1,158.966094203543
2017-07-18,1,123.668309159157
2017-07-19,1,126.617460532105
2017-07-20,1,152.89730610752
2017-07-21,1,128.063478737945
2017-07-22,1,118.581655925728
2017-07-23,1,60.4808932763266
2017-07-24,1,171.708992805544
2017-07-25,1,129.504249202353
2017-07-26,1,182.444822422102
2017-07-27,1,239.066940896544
2017-07-28,1,184.323576306162
2017-07-29,1,202.431896081896
2017-07-30,1,65.4532794606465
2017-07-31,1,162.425333410717
2017-08-01,1,166.135486122073
2017-08-02,1,155.022099183108
2017-08-03,1,159.5753401745
2017-08-04,1,161.585238563032
2017-08-05,1,198.088094187281
2017-08-06,1,72.3122759066064
2017-08-07,1,172.028528903065
2017-08-08,1,137.161092618244
2017-08-09,1,138.409853223588
2017-08-10,1,144.270402110132
2017-08-11,1,180.959666237058
2017-08-12,1,150.572600694148
2017-08-13,1,80.2751371635464
2017-08-14,1,161.757769956575
2017-08-15,1,111.761335307047
2017-08-16,1,126.034311313186
2017-08-17,1,174.467285452882
2017-08-18,1,121.506482436341
2017-08-19,1,160.328375151501
2017-08-20,1,88.8323053510043
2017-08-21,1,156.498349566742
2017-08-22,1,137.482146234831
2017-08-23,1,146.200693986919
2017-08-24,1,161.178424672584
2017-08-25,1,121.67851633637
2017-08-26,1,175.29635154451
2017-08-27,1,60.3904195840305
2017-08-28,1,109.862269383009
2017-08-29,1,140.114833354281
2017-08-30,1,117.705814678758
2017-08-31,1,110.484249613829
2017-09-01,1,134.901921529808
2017-09-02,1,148.15323696572
2017-09-03,1,55.222134167446
2017-09-04,1,122.215195768898
2017-09-05,1,128.680505002769
2017-09-06,1,86.9985590667094
2017-09-07,1,144.563178397192
2017-09-08,1,129.928072228573
2017-09-09,1,113.451966800961
2017-09-10,1,83.9548556625671
2017-09-11,1,148.173580794396
2017-09-12,1,80.7563950180735
2017-09-13,1,103.419606846606
2017-09-14,1,124.528915578366
2017-09-15,1,177.095117317774
2017-09-16,1,237.243301445744
2017-09-17,1,82.0164448112146
2017-09-18,1,135.443041598007
2017-09-19,1,127.007001847412
2017-09-20,1,99.1792684718788
2017-09-21,1,134.427589001166
2017-09-22,1,175.906900532966
2017-09-23,1,179.921676845873
2017-09-24,1,101.793277925589
2017-09-25,1,129.709113092244
2017-09-26,1,151.541843015799
2017-09-27,1,116.379484184452
2017-09-28,1,146.167521804
2017-09-29,1,112.98521998769
2017-09-30,1,161.771261258553
2017-10-01,1,60.9824772636814
2017-10-02,1,179.554452580413
2017-10-03,1,66.3554760876056
2017-10-04,1,125.991807553769
2017-10-05,1,146.081884421956
2017-10-06,1,143.098736564958
2017-10-07,1,167.83160335014
2017-10-08,1,86.952830438685
2017-10-09,1,191.429657344589
2017-10-10,1,121.017707851263
2017-10-11,1,114.734152340098
2017-10-12,1,107.921714219622
2017-10-13,1,118.292462064717
2017-10-14,1,108.712927737647
2017-10-15,1,67.7430137509284
2017-10-16,1,108.129612539979
2017-10-17,1,77.2429740379052
2017-10-18,1,107.716445777842
2017-10-19,1,102.017092600254
2017-10-20,1,117.637336559248
2017-10-21,1,113.579118312875
2017-10-22,1,102.271847780682
2017-10-24,1,101.985508618079
2017-10-25,1,112.868099610742
2017-10-26,1,121.902300059386
2017-10-27,1,176.844444234551
2017-10-28,1,111.918783184116
2017-10-29,1,66.1429955598758
2017-10-30,1,203.761620898018
2017-11-01,1,159.909558679611
2017-11-02,1,121.440397431826
2017-11-03,1,117.326070326731
2017-11-04,1,133.795153821829
2017-11-05,1,79.0166720053485
2017-11-06,1,111.224695011903
2017-11-07,1,83.177904930265
2017-11-08,1,79.2557790596025
2017-11-09,1,120.473812071173
2017-11-10,1,114.106926212154
2017-11-11,1,119.214846609495
2017-11-12,1,81.7069031241421
2017-11-13,1,146.465618425215
2017-11-14,1,91.0963595190131
2017-11-15,1,107.455887247399
2017-11-16,1,125.49889208889
2017-11-17,1,141.616201864242
2017-11-18,1,89.6760956045913
2017-11-19,1,121.373340644802
2017-11-20,1,100.7324918034
2017-11-21,1,90.5174834878254
2017-11-22,1,84.7248904082783
2017-11-23,1,86.6235738346552
2017-11-24,1,102.704961608739
2017-11-25,1,100.894643188864
2017-11-26,1,56.1839609734841
2017-11-27,1,108.488785532168
2017-11-28,1,82.6450051477415
2017-11-29,1,70.8933590937057
2017-11-30,1,151.851067390839
2017-12-01,1,81.7634785538538
2017-12-02,1,127.082516714906
2017-12-03,1,77.1376298618811
2017-12-04,1,132.405506118959
2017-12-05,1,98.6865740402869
2017-12-06,1,87.2168769966415
2017-12-07,1,121.022930614205
2017-12-08,1,90.723222063322
2017-12-09,1,109.566700891337
2017-12-10,1,46.1034350972905
2017-12-11,1,64.1114917289524
2017-12-12,1,104.188888422736
2017-12-13,1,71.0846835326617
2017-12-14,1,147.585568185835
2017-12-15,1,107.055312628908
2017-12-16,1,111.764487162802
2017-12-17,1,54.2108446777326
2017-12-18,1,132.343297226153
2017-12-19,1,114.954215428736
2017-12-20,1,95.0575238589803
2017-12-21,1,123.510947305391
2017-12-22,1,132.34052838286
2017-12-23,1,216.986006515356
2017-12-24,1,168.227885876022
2017-12-27,1,104.582475428322
2017-12-28,1,108.209333877696
2017-12-29,1,120.681193840944
2017-12-30,1,162.150512622119
2017-12-31,1,162.986018021678
2013-07-01,2,535.856284785361
2013-07-02,2,546.780787392297
2013-07-03,2,427.343258749983
2013-07-04,2,454.859641347987
2013-07-05,2,492.818804066088
2013-07-06,2,631.906068038484
2013-07-07,2,695.25572963054
2013-07-08,2,538.529249911711
2013-07-09,2,585.957264698849
2013-07-10,2,567.365764527953
2013-07-11,2,569.109374584873
2013-07-12,2,600.267914678783
2013-07-13,2,747.140776382576
2013-07-14,2,777.048841669282
2013-07-15,2,596.995099998235
2013-07-16,2,558.797138274201
2013-07-17,2,628.325718978073
2013-07-18,2,647.822253705942
2013-07-19,2,646.788959790823
2013-07-20,2,843.051280035386
2013-07-21,2,815.942264195776
2013-07-22,2,647.682748973215
2013-07-23,2,691.043662205889
2013-07-24,2,698.340862077002
2013-07-25,2,681.250768331783
2013-07-26,2,718.016648132155
2013-07-27,2,855.619095347599
2013-07-28,2,871.802546455837
2013-07-29,2,672.50214523923
2013-07-30,2,690.117757120039
2013-07-31,2,667.842224335937
2013-08-01,2,667.213719343287
2013-08-02,2,689.695100983376
2013-08-03,2,930.801703150498
2013-08-04,2,862.752429028985
2013-08-05,2,520.947179812455
2013-08-06,2,498.920948322354
2013-08-07,2,519.197204695832
2013-08-08,2,486.25509543792
2013-08-09,2,539.975155104136
2013-08-10,2,614.511830668785
2013-08-11,2,666.9113081568
2013-08-12,2,510.019126480035
2013-08-13,2,535.403212817658
2013-08-14,2,520.123590697437
2013-08-15,2,538.231262832354
2013-08-16,2,552.153714601025
2013-08-17,2,583.657434231324
2013-08-18,2,669.186211470815
2013-08-19,2,499.912512856933
2013-08-20,2,478.730297151576
2013-08-21,2,440.815636456397
2013-08-22,2,497.731338188322
2013-08-23,2,503.672089526472
2013-08-24,2,707.94429725517
2013-08-25,2,726.257649523775
2013-08-26,2,451.536740815421
2013-08-27,2,442.318352086176
2013-08-28,2,418.297941202801
2013-08-29,2,386.390267686346
2013-08-30,2,492.141265198519
2013-08-31,2,581.490537751984
2013-09-01,2,481.584829613001
2013-09-02,2,350.023432755307
2013-09-03,2,357.401285676803
2013-09-04,2,362.249371679536
2013-09-05,2,400.95010523182
2013-09-06,2,395.673296994009
2013-09-07,2,591.523547732665
2013-09-08,2,576.040699297842
2013-09-09,2,331.981293986457
2013-09-10,2,363.667829135983
2013-09-11,2,350.81380789681
2013-09-12,2,354.282593212868
2013-09-13,2,413.041864366013
2013-09-14,2,530.825102628704
2013-09-15,2,494.908185078447
2013-09-16,2,363.701917843028
2013-09-17,2,321.054881338889
2013-09-18,2,327.413713418182
2013-09-19,2,362.273757016504
2013-09-20,2,375.16829079452
2013-09-21,2,525.014097788583
2013-09-22,2,500.579617827733
2013-09-23,2,339.417738661045
2013-09-24,2,314.00466178787
2013-09-25,2,333.964687913619
2013-09-26,2,348.862509645868
2013-09-27,2,337.894647078396
2013-09-28,2,578.156874149585
2013-09-29,2,503.155199518292
2013-09-30,2,360.827106059368
2013-10-01,2,356.816079467772
2013-10-02,2,423.688173539227
2013-10-03,2,592.567211256288
2013-10-04,2,501.347948785726
2013-10-05,2,532.496621420318
2013-10-06,2,534.597184990357
2013-10-07,2,372.452301813743
2013-10-08,2,324.616615610371
2013-10-09,2,369.540618454844
2013-10-10,2,349.149490881751
2013-10-11,2,349.112977802115
2013-10-12,2,425.070804590291
2013-10-13,2,452.275706400622
2013-10-14,2,328.255116835268
2013-10-15,2,354.885414944464
2013-10-16,2,324.757529273156
2013-10-17,2,324.982641344802
2013-10-18,2,321.70990029733
2013-10-19,2,379.7774092487
2013-10-20,2,437.66111375148
2013-10-21,2,312.390458346719
2013-10-22,2,367.731628638611
2013-10-23,2,339.191026703081
2013-10-24,2,347.147339698928
2013-10-25,2,331.531922475238
2013-10-26,2,403.176380323358
2013-10-27,2,541.86792448218
2013-10-28,2,358.47390890485
2013-10-29,2,343.382554561478
2013-10-30,2,315.521819776895
2013-10-31,2,297.251141804671
2013-11-01,2,336.018177940212
2013-11-02,2,433.411475491698
2013-11-03,2,549.620047848044
2013-11-04,2,269.386056106044
2013-11-05,2,247.501683917765
2013-11-06,2,273.952220004938
2013-11-07,2,276.67098423661
2013-11-08,2,270.935184532938
2013-11-09,2,391.257430539666
2013-11-10,2,554.358848899602
2013-11-11,2,277.910909861899
2013-11-12,2,257.306498146673
2013-11-13,2,253.679516784304
2013-11-14,2,252.672301244525
2013-11-15,2,261.631579072909
2013-11-16,2,388.456732659322
2013-11-17,2,585.360633461221
2013-11-18,2,271.38800449289
2013-11-19,2,256.059323867932
2013-11-20,2,254.568609014357
2013-11-21,2,265.659732396587
2013-11-22,2,264.858352033057
2013-11-23,2,371.973598822071
2013-11-24,2,563.703199691435
2013-11-25,2,243.739175008053
2013-11-26,2,270.066780638125
2013-11-27,2,249.98388856265
2013-11-28,2,245.157903548545
2013-11-29,2,270.604986736201
2013-11-30,2,364.558396204025
2013-12-01,2,584.644687013588
2013-12-02,2,278.664927166837
2013-12-03,2,247.82662169358
2013-12-04,2,267.381898238725
2013-12-05,2,270.133710033378
2013-12-06,2,242.429691903367
2013-12-07,2,330.405150816589
2013-12-08,2,502.371531950746
2013-12-09,2,224.635145960176
2013-12-10,2,257.948246753247
2013-12-11,2,258.730733034518
2013-12-12,2,246.420486617343
2013-12-13,2,215.102454376754
2013-12-14,2,327.613078777548
2013-12-15,2,564.33503068692
2013-12-16,2,230.285819128034
2013-12-17,2,261.524378936327
2013-12-18,2,241.880289555687
2013-12-19,2,265.154110289682
2013-12-20,2,273.618541350621
2013-12-21,2,354.063657483224
2013-12-22,2,463.81219748514
2013-12-23,2,430.94267042062
2013-12-24,2,531.778119659333
2013-12-27,2,433.889713549154
2013-12-29,2,510.015069971101
2013-12-30,2,494.782420691912
2013-12-31,2,586.131309693688
2014-01-02,2,449.418219323415
2014-01-03,2,405.814478197605
2014-01-04,2,408.762961257816
2014-01-05,2,529.982266493949
2014-01-06,2,299.874480982131
2014-01-07,2,296.549615645128
2014-01-08,2,258.406939246541
2014-01-09,2,260.439674899334
2014-01-10,2,286.482721735479
2014-01-11,2,384.22983618022
2014-01-12,2,582.354079603658
2014-01-13,2,251.321752602056
2014-01-14,2,305.619039555862
2014-01-15,2,266.688234496087
2014-01-16,2,280.275781868982
2014-01-17,2,257.771904141454
2014-01-18,2,357.4107536578
2014-01-19,2,519.732257703175
2014-01-20,2,273.490861004483
2014-01-21,2,259.272175875601
2014-01-22,2,241.123430544226
2014-01-23,2,263.978251498374
2014-01-24,2,261.219962431997
2014-01-25,2,351.252465656399
2014-01-26,2,483.659434750003
2014-01-27,2,228.4378109063
2014-01-28,2,297.344059006804
2014-01-29,2,230.305934307389
2014-01-30,2,268.187299324192
2014-01-31,2,286.654898966864
2014-02-01,2,363.477743653721
2014-02-02,2,556.341089710331
2014-02-03,2,348.771730579887
2014-02-04,2,260.453691923776
2014-02-05,2,303.821114890027
2014-02-06,2,281.271370841592
2014-02-07,2,277.116052767499
2014-02-08,2,444.88120408508
2014-02-09,2,569.839111992589
2014-02-10,2,289.527230880774
2014-02-11,2,316.588828519672
2014-02-12,2,304.004411606266
2014-02-13,2,299.888751175176
2014-02-14,2,313.418025928576
2014-02-15,2,474.035638350371
2014-02-16,2,642.255713146016
2014-02-17,2,329.690366180098
2014-02-18,2,275.501866816375
2014-02-19,2,317.300543446827
2014-02-20,2,332.24034886181
2014-02-21,2,304.683845985775
2014-02-22,2,501.288627565406
2014-02-23,2,711.608645093162
2014-02-24,2,278.245512066627
2014-02-25,2,261.518665118435
2014-02-26,2,311.376704215006
2014-02-27,2,300.168385368184
2014-02-28,2,304.253089953571
2014-03-01,2,463.931706683171
2014-03-02,2,613.772072740439
2014-03-03,2,340.843721805049
2014-03-04,2,322.507407389951
2014-03-05,2,272.380162040079
2014-03-06,2,296.782446572738
2014-03-07,2,293.295574945633
2014-03-08,2,478.500223651153
2014-03-09,2,620.71339369779
2014-03-10,2,317.378702108067
2014-03-11,2,264.37746726286
2014-03-12,2,275.552175296613
2014-03-13,2,322.865434589691
2014-03-14,2,309.267472114849
2014-03-15,2,426.528946577857
2014-03-16,2,427.380944455632
2014-03-17,2,283.82852752228
2014-03-18,2,286.018793506259
2014-03-19,2,287.60155477635
2014-03-20,2,297.335857719945
2014-03-21,2,316.080628373637
2014-03-22,2,497.958416841062
2014-03-23,2,492.856825031606
2014-03-24,2,326.267041619462
2014-03-25,2,327.070593673512
2014-03-26,2,316.014621957881
2014-03-27,2,384.826956477695
2014-03-28,2,373.193892353262
2014-03-29,2,600.636330304354
2014-03-30,2,541.041022021925
2014-03-31,2,340.519359885231
2014-04-01,2,344.347041678838
2014-04-02,2,357.401889148184
2014-04-03,2,338.691456861455
2014-04-04,2,348.498254975841
2014-04-05,2,524.065479089145
2014-04-06,2,577.282474747519
2014-04-07,2,357.629946491513
2014-04-08,2,353.523529645886
2014-04-09,2,366.100231824073
2014-04-10,2,362.307296259006
2014-04-11,2,375.837949456716
2014-04-12,2,574.526430697981
2014-04-13,2,631.475800914064
2014-04-14,2,407.696472609752
2014-04-15,2,460.801074530961
2014-04-16,2,439.876371928798
2014-04-17,2,562.281813457354
2014-04-19,2,701.506792782752
2014-04-20,2,670.020496886695
2014-04-21,2,683.784882752709
2014-04-22,2,460.8751181337
2014-04-23,2,465.58877492787
2014-04-24,2,417.193979627359
2014-04-25,2,456.429396514049
2014-04-26,2,586.998427577162
2014-04-27,2,584.577549685164
2014-04-28,2,406.097160006948
2014-04-29,2,426.634045431234
2014-04-30,2,440.782783930678
2014-05-02,2,506.773609930646
2014-05-05,2,1203.43112985675
2014-05-06,2,350.107434330692
2014-05-07,2,315.890695137174
2014-05-08,2,366.1450783331
2014-05-09,2,324.860077549193
2014-05-10,2,478.617066120892
2014-05-11,2,460.682512294828
2014-05-12,2,328.92733265268
2014-05-13,2,297.999814467772
2014-05-14,2,314.953597620915
2014-05-15,2,352.418195482769
2014-05-16,2,422.284930999887
2014-05-17,2,507.850100762978
2014-05-18,2,598.067011591372
2014-05-19,2,385.830427464834
2014-05-20,2,345.526173706413
2014-05-21,2,356.727230834875
2014-05-22,2,402.543178395128
2014-05-23,2,410.166785875368
2014-05-24,2,524.51228527573
2014-05-25,2,597.047216641851
2014-05-26,2,387.78920418638
2014-05-27,2,424.223657962549
2014-05-28,2,440.753384253967
2014-05-29,2,670.064174060842
2014-05-30,2,543.734282137968
2014-05-31,2,616.245915538845
2014-06-01,2,676.063588454464
2014-06-02,2,441.052664780553
2014-06-03,2,416.946808829077
2014-06-04,2,415.711170989076
2014-06-05,2,390.575773242664
2014-06-06,2,428.95344334705
2014-06-07,2,753.443538177679
2014-06-08,2,681.186640749589
2014-06-09,2,808.126780736088
2014-06-10,2,481.25061409398
2014-06-11,2,400.748048990214
2014-06-12,2,430.923755250979
2014-06-13,2,469.760139519046
2014-06-14,2,564.16430206382
2014-06-15,2,625.464619964173
2014-06-16,2,433.505937817699
2014-06-17,2,419.651602758868
2014-06-18,2,432.574331239166
2014-06-19,2,429.955728270914
2014-06-20,2,554.710447078857
2014-06-21,2,691.302129885254
2014-06-22,2,687.127455430513
2014-06-23,2,511.714043984716
2014-06-24,2,508.608322070437
2014-06-25,2,517.169259136224
2014-06-26,2,583.733870024269
2014-06-27,2,595.204307059367
2014-06-28,2,861.858616856627
2014-06-29,2,770.70069957598
2014-06-30,2,465.370251192507
2014-07-01,2,394.082975399495
2014-07-02,2,409.989815931385
2014-07-03,2,417.58250524734
2014-07-04,2,438.323208441248
2014-07-05,2,576.842941856878
2014-07-06,2,538.601505202659
2014-07-07,2,464.435046624119
2014-07-08,2,497.86988009808
2014-07-09,2,494.252899710859
2014-07-10,2,531.353706005132
2014-07-11,2,574.876667537715
2014-07-12,2,668.279669936841
2014-07-13,2,755.585190097404
2014-07-14,2,549.516511042481
2014-07-15,2,544.627684283587
2014-07-16,2,558.201351317468
2014-07-17,2,601.547500290008
2014-07-18,2,611.760795891468
2014-07-19,2,758.007682186119
2014-07-20,2,780.884234750352
2014-07-21,2,603.860645292956
2014-07-22,2,613.026582121477
2014-07-23,2,588.604501791308
2014-07-24,2,571.880975843334
2014-07-25,2,570.629898893856
2014-07-26,2,685.499474554993
2014-07-27,2,782.178370436687
2014-07-28,2,630.170881828104
2014-07-29,2,613.206800202833
2014-07-30,2,621.013463682731
2014-07-31,2,600.50135887024
2014-08-01,2,607.946169858661
2014-08-02,2,792.653007246797
2014-08-03,2,771.25128183175
2014-08-04,2,698.072698306791
2014-08-05,2,686.651118672334
2014-08-06,2,716.477063899978
2014-08-07,2,716.105540961349
2014-08-08,2,758.990490310671
2014-08-09,2,874.906746085002
2014-08-10,2,745.259273774263
2014-08-11,2,653.868277321944
2014-08-12,2,664.240810149929
2014-08-13,2,677.282564266312
2014-08-14,2,678.815717852276
2014-08-15,2,693.284904927365
2014-08-16,2,799.707903247338
2014-08-18,2,764.810921387808
2014-08-19,2,628.966445772187
2014-08-20,2,643.938175647555
2014-08-21,2,619.405496973352
2014-08-22,2,648.097075152002
2014-08-23,2,811.164148879375
2014-08-24,2,861.503164156281
2014-08-25,2,453.730646773893
2014-08-26,2,468.647046949547
2014-08-27,2,552.631235154782
2014-08-28,2,531.716288092032
2014-08-29,2,523.697281303577
2014-08-30,2,663.358329683797
2014-08-31,2,636.485647070072
2014-09-01,2,482.354587353566
2014-09-02,2,458.402237519055
2014-09-03,2,472.100194205842
2014-09-04,2,450.131647250312
2014-09-05,2,486.120366811752
2014-09-06,2,631.796059601553
2014-09-07,2,611.729474874284
2014-09-08,2,362.94350360382
2014-09-09,2,417.309647321288
2014-09-10,2,400.83119972293
2014-09-11,2,438.949019339398
2014-09-12,2,394.097063724273
2014-09-13,2,579.441847231862
2014-09-14,2,567.700325745729
2014-09-15,2,329.771125793257
2014-09-16,2,398.175977428321
2014-09-17,2,397.847841818431
2014-09-18,2,397.178925069403
2014-09-19,2,402.244894589535
2014-09-20,2,569.825965185954
2014-09-21,2,602.711358590014
2014-09-22,2,381.105485691034
2014-09-23,2,395.311723669985
2014-09-24,2,366.573708065858
2014-09-25,2,354.840744536323
2014-09-26,2,379.344936641425
2014-09-27,2,474.89364807078
2014-09-28,2,531.938294754594
2014-09-29,2,383.189548824255
2014-09-30,2,419.295409384144
2014-10-01,2,416.001423907184
2014-10-02,2,441.737318758307
2014-10-03,2,707.739671966281
2014-10-04,2,677.822064186239
2014-10-05,2,773.738416673644
2014-10-06,2,469.08880026482
2014-10-07,2,484.578575879817
2014-10-08,2,470.174747308647
2014-10-09,2,487.357429909293
2014-10-10,2,472.068957327064
2014-10-11,2,570.933322929603
2014-10-12,2,599.265107232525
2014-10-13,2,451.010836320036
2014-10-14,2,448.670332736577
2014-10-15,2,512.13078238518
2014-10-16,2,442.369110603724
2014-10-17,2,466.802718980504
2014-10-18,2,704.513358167715
2014-10-19,2,641.165146886643
2014-10-20,2,384.841833056267
2014-10-21,2,407.362339131089
2014-10-22,2,418.311469787191
2014-10-23,2,445.284138246298
2014-10-24,2,452.520410554465
2014-10-25,2,546.509665264924
2014-10-26,2,623.565486683245
2014-10-27,2,408.229594124628
2014-10-28,2,467.694413731179
2014-10-29,2,411.213305357583
2014-10-30,2,451.617664945835
2014-10-31,2,404.579872169049
2014-11-01,2,501.127170965679
2014-11-02,2,643.077472226689
2014-11-03,2,385.893487521255
2014-11-04,2,341.433323177735
2014-11-05,2,325.21061769105
2014-11-06,2,367.7203968189
2014-11-07,2,352.071739490799
2014-11-08,2,521.988816053164
2014-11-09,2,686.670651764737
2014-11-10,2,316.334010323171
2014-11-11,2,297.976942376189
2014-11-12,2,341.294225591248
2014-11-13,2,313.889092710271
2014-11-14,2,333.817583254463
2014-11-15,2,422.089000189331
2014-11-16,2,657.334905297112
2014-11-17,2,332.904975201731
2014-11-18,2,263.379736825833
2014-11-19,2,289.909258530776
2014-11-20,2,281.963424468143
2014-11-21,2,319.57590091164
2014-11-22,2,453.568987542716
2014-11-23,2,669.96766227908
2014-11-24,2,308.910885833847
2014-11-25,2,296.604331640713
2014-11-26,2,289.631522698695
2014-11-27,2,295.530738816532
2014-11-28,2,304.300653670483
2014-11-29,2,409.329550481107
2014-11-30,2,663.600383039894
2014-12-01,2,270.594408452574
2014-12-02,2,275.978325664349
2014-12-03,2,263.707717313025
2014-12-04,2,277.730660490861
2014-12-05,2,251.296113439956
2014-12-06,2,425.235714224439
2014-12-07,2,579.742464536357
2014-12-08,2,256.596029206385
2014-12-09,2,264.881624734699
2014-12-10,2,252.699007927617
2014-12-11,2,283.467086138155
2014-12-12,2,236.144754325065
2014-12-13,2,401.072721907004
2014-12-14,2,588.469539344584
2014-12-15,2,243.234625513043
2014-12-16,2,280.87425993814
2014-12-17,2,269.192321020123
2014-12-18,2,303.352792801362
2014-12-19,2,307.884791280942
2014-12-20,2,384.797857820002
2014-12-21,2,508.555021590987
2014-12-22,2,320.634871026775
2014-12-23,2,408.003200633712
2014-12-24,2,477.653662285463
2014-12-27,2,513.661678925283
2014-12-28,2,623.538032623429
2014-12-29,2,458.033861425878
2014-12-30,2,581.740967169718
2014-12-31,2,643.377780141136
2015-01-02,2,512.177720196036
2015-01-03,2,495.483686243828
2015-01-04,2,652.43960117373
2015-01-05,2,349.399884653548
2015-01-06,2,310.462558578491
2015-01-07,2,289.568739500106
2015-01-08,2,313.907584824392
2015-01-09,2,314.26237720896
2015-01-10,2,349.344531472799
2015-01-11,2,551.204782732623
2015-01-12,2,254.720970873776
2015-01-13,2,253.267146283048
2015-01-14,2,229.38414618971
2015-01-15,2,251.148387388712
2015-01-16,2,314.442179091712
2015-01-17,2,447.611692815639
2015-01-18,2,615.895161452642
2015-01-19,2,287.12848916472
2015-01-20,2,297.627496877784
2015-01-21,2,285.545986768458
2015-01-22,2,265.194435459988
2015-01-23,2,279.183609587953
2015-01-24,2,415.166425975778
2015-01-25,2,555.586060097281
2015-01-26,2,285.783235454514
2015-01-27,2,286.802025247007
2015-01-28,2,318.608712118946
2015-01-29,2,276.548941252601
2015-01-30,2,315.018937970584
2015-01-31,2,433.183884520481
2015-02-01,2,633.309542257817
2015-02-02,2,338.327210161774
2015-02-03,2,258.959088520931
2015-02-04,2,255.937860472559
2015-02-05,2,277.511618112389
2015-02-06,2,312.249043728816
2015-02-07,2,381.572014473511
2015-02-08,2,531.337730533032
2015-02-09,2,281.177822022831
2015-02-10,2,266.498461599989
2015-02-11,2,283.832157618276
2015-02-12,2,245.235034353123
2015-02-13,2,250.608335314639
2015-02-14,2,417.742376983156
2015-02-15,2,481.860668097093
2015-02-16,2,286.888417666815
2015-02-17,2,262.907455009083
2015-02-18,2,248.327220948223
2015-02-19,2,284.788201346631
2015-02-20,2,313.931874526489
2015-02-21,2,389.388938515412
2015-02-22,2,560.280256054484
2015-02-23,2,222.509783508774
2015-02-24,2,243.882700841609
2015-02-25,2,247.265053559437
2015-02-26,2,245.520846652551
2015-02-27,2,268.705012903315
2015-02-28,2,343.067931178869
2015-03-01,2,435.076835491745
2015-03-02,2,254.485164508834
2015-03-03,2,270.361598110118
2015-03-04,2,246.332586657334
2015-03-05,2,275.116919242864
2015-03-06,2,297.136244722274
2015-03-07,2,371.471472262365
2015-03-08,2,554.721366656377
2015-03-09,2,280.114708230479
2015-03-10,2,279.649961183193
2015-03-11,2,274.719950167954
2015-03-12,2,271.057968620896
2015-03-13,2,263.861714656075
2015-03-14,2,360.715430654047
2015-03-15,2,461.035577320529
2015-03-16,2,269.022901877525
2015-03-17,2,296.541237199908
2015-03-18,2,292.981913276133
2015-03-19,2,267.179427626967
2015-03-20,2,299.760479051294
2015-03-21,2,383.085780794877
2015-03-22,2,489.59934551007
2015-03-23,2,292.836479169109
2015-03-24,2,297.037588138176
2015-03-25,2,335.007901867692
2015-03-26,2,303.655812393538
2015-03-27,2,320.938056470297
2015-03-28,2,428.350102346051
2015-03-29,2,489.846609636217
2015-03-30,2,351.715484397675
2015-03-31,2,339.71388362822
2015-04-01,2,373.724177525822
2015-04-02,2,525.476422474447
2015-04-04,2,624.731396612574
2015-04-05,2,713.240728417569
2015-04-06,2,728.862922564967
2015-04-07,2,402.937213841427
2015-04-08,2,372.219387571259
2015-04-09,2,368.140023251964
2015-04-10,2,449.200853104077
2015-04-11,2,435.937997165239
2015-04-12,2,423.167305958991
2015-04-13,2,286.808655322632
2015-04-14,2,297.478196061337
2015-04-15,2,284.427934541009
2015-04-16,2,286.72764708972
2015-04-17,2,314.997367966203
2015-04-18,2,372.985639347608
2015-04-19,2,419.373474076238
2015-04-20,2,291.610305100325
2015-04-21,2,262.312297451446
2015-04-22,2,281.264299329947
2015-04-23,2,316.964561244097
2015-04-24,2,311.721136965455
2015-04-25,2,450.922945775814
2015-04-26,2,399.820571217996
2015-04-27,2,291.752346251679
2015-04-28,2,279.639574876652
2015-04-29,2,335.699732620073
2015-04-30,2,382.494805997457
2015-05-02,2,569.854066374337
2015-05-03,2,467.833386599369
2015-05-04,2,340.579351605995
2015-05-05,2,295.928590213682
2015-05-06,2,326.950819224427
2015-05-07,2,309.311901434242
2015-05-08,2,326.333702093022
2015-05-09,2,406.907398954341
2015-05-10,2,492.010489698116
2015-05-11,2,336.127629680071
2015-05-12,2,327.092157926255
2015-05-13,2,397.982340133214
2015-05-14,2,490.915769119788
2015-05-15,2,513.805644101383
2015-05-16,2,555.445636645735
2015-05-17,2,562.648232082731
2015-05-18,2,328.913429566134
2015-05-19,2,351.146415331786
2015-05-20,2,356.207676664304
2015-05-21,2,348.534145245022
2015-05-22,2,374.702368065499
2015-05-23,2,506.664209994684
2015-05-24,2,602.379870231082
2015-05-25,2,621.867778874006
2015-05-26,2,381.669744982195
2015-05-27,2,358.895155316917
2015-05-28,2,340.514414991475
2015-05-29,2,365.087905303626
2015-05-30,2,456.734340691111
2015-05-31,2,457.52825918325
2015-06-01,2,335.912287877592
2015-06-02,2,412.209593794446
2015-06-03,2,350.831237309121
2015-06-04,2,366.195368742098
2015-06-05,2,418.393781746112
2015-06-06,2,553.131050767354
2015-06-07,2,527.885017948989
2015-06-08,2,344.695569756106
2015-06-09,2,315.123749367531
2015-06-10,2,338.309487845224
2015-06-11,2,357.852893336956
2015-06-12,2,349.536158182539
2015-06-13,2,559.888089847911
2015-06-14,2,486.138237737853
2015-06-15,2,350.589558421955
2015-06-16,2,349.888222729503
2015-06-17,2,380.305703300813
2015-06-18,2,332.820567048363
2015-06-19,2,346.690336157535
2015-06-20,2,571.278131371528
2015-06-21,2,553.599170821681
2015-06-22,2,412.309330067662
2015-06-23,2,423.1358501964
2015-06-24,2,479.943327331225
2015-06-25,2,484.513720535521
2015-06-26,2,517.667163948615
2015-06-27,2,708.700690129254
2015-06-28,2,686.349904220686
2015-06-29,2,455.623242772356
2015-06-30,2,456.688693628606
2015-07-01,2,430.397456895632
2015-07-02,2,380.075233434005
2015-07-03,2,432.888287340422
2015-07-04,2,667.545326269141
2015-07-05,2,571.220211930273
2015-07-06,2,435.547290335414
2015-07-07,2,424.75865459342
2015-07-08,2,406.197372488758
2015-07-09,2,400.061396607868
2015-07-10,2,419.920725517909
2015-07-11,2,579.775873809484
2015-07-12,2,638.240827319641
2015-07-13,2,484.644303422986
2015-07-14,2,494.642623603643
2015-07-15,2,517.878028741276
2015-07-16,2,498.959441029325
2015-07-17,2,533.38199646267
2015-07-18,2,677.199908361688
2015-07-19,2,713.948758860807
2015-07-20,2,566.157537334118
2015-07-21,2,556.009113808745
2015-07-22,2,597.576041552763
2015-07-23,2,600.414019091748
2015-07-24,2,578.637666776062
2015-07-25,2,672.206275477328
2015-07-26,2,705.589263265344
2015-07-27,2,596.420841559454
2015-07-28,2,597.787732789746
2015-07-29,2,579.295922313804
2015-07-30,2,565.527307888753
2015-07-31,2,642.086323539373
2015-08-01,2,713.621778934724
2015-08-02,2,781.185854004288
2015-08-03,2,626.831725112069
2015-08-04,2,601.373326416756
2015-08-05,2,616.704465064561
2015-08-06,2,637.800836478639
2015-08-07,2,663.665647701062
2015-08-08,2,708.839463184239
2015-08-09,2,591.671146288595
2015-08-10,2,594.76210118618
2015-08-11,2,544.020362022611
2015-08-12,2,545.01956668171
2015-08-13,2,583.360345249005
2015-08-14,2,554.667565714253
2015-08-15,2,663.39667410597
2015-08-16,2,590.489204564676
2015-08-17,2,450.920128263096
2015-08-18,2,523.448950264901
2015-08-19,2,490.674067203851
2015-08-20,2,504.081147710709
2015-08-21,2,544.022008883632
2015-08-22,2,702.931855454761
2015-08-23,2,649.688467416964
2015-08-24,2,452.009690636085
2015-08-25,2,470.207032832021
2015-08-26,2,455.605966636962
2015-08-27,2,413.885988542687
2015-08-28,2,476.398072412663
2015-08-29,2,564.048419158283
2015-08-30,2,539.736641041383
2015-08-31,2,393.617421433248
2015-09-01,2,341.592585917743
2015-09-02,2,343.529213049574
2015-09-03,2,364.2487486097
2015-09-04,2,348.1661813862
2015-09-05,2,489.485517572011
2015-09-06,2,502.44714208799
2015-09-07,2,394.644880949285
2015-09-08,2,351.131949782145
2015-09-09,2,376.926779721908
2015-09-10,2,389.614304848778
2015-09-11,2,370.834526663937
2015-09-12,2,535.735851383828
2015-09-13,2,500.251121182591
2015-09-14,2,344.444831213055
2015-09-15,2,393.952752737191
2015-09-16,2,319.876606857062
2015-09-17,2,339.29368224101
2015-09-18,2,352.790180923934
2015-09-19,2,489.258808159457
2015-09-20,2,513.530323638994
2015-09-21,2,341.999724265438
2015-09-22,2,341.945995080269
2015-09-23,2,330.659883041061
2015-09-24,2,331.504415119153
2015-09-25,2,345.480200670974
2015-09-26,2,516.867082419223
2015-09-27,2,474.080062196284
2015-09-28,2,337.127014231803
2015-09-29,2,331.727598762738
2015-09-30,2,314.143853841003
2015-10-01,2,335.045744545908
2015-10-02,2,354.775507335419
2015-10-03,2,473.947428461761
2015-10-04,2,523.195446240805
2015-10-05,2,377.265838211666
2015-10-06,2,354.961577916475
2015-10-07,2,360.31000218759
2015-10-08,2,322.607112704729
2015-10-09,2,368.419818568006
2015-10-10,2,443.62330984219
2015-10-11,2,557.722976595955
2015-10-12,2,377.926547877883
2015-10-13,2,346.374494406459
2015-10-14,2,372.052820131498
2015-10-15,2,345.970837991214
2015-10-16,2,384.203133289552
2015-10-17,2,521.130431805683
2015-10-18,2,453.288658341532
2015-10-19,2,398.122768822511
2015-10-20,2,366.38967283357
2015-10-21,2,394.596128794788
2015-10-22,2,409.101520904092
2015-10-23,2,430.883786231859
2015-10-24,2,463.36098285518
2015-10-25,2,384.851426907233
2015-10-26,2,328.738163480579
2015-10-27,2,331.472015657754
2015-10-28,2,304.006515491702
2015-10-29,2,306.427920731397
2015-10-30,2,337.09962010326
2015-10-31,2,377.801673947832
2015-11-01,2,469.026184716499
2015-11-02,2,285.156333256917
2015-11-03,2,227.368950308808
2015-11-04,2,256.059850846365
2015-11-05,2,274.749839438109
2015-11-06,2,246.392025222422
2015-11-07,2,350.222831381163
2015-11-08,2,466.540193942821
2015-11-09,2,266.493884189038
2015-11-10,2,237.906672638622
2015-11-11,2,214.420897950301
2015-11-12,2,240.965897111926
2015-11-13,2,264.15177278786
2015-11-14,2,347.614033858304
2015-11-15,2,483.160689627582
2015-11-16,2,257.912087518437
2015-11-17,2,236.556165735368
2015-11-18,2,198.911870818593
2015-11-19,2,243.788203213012
2015-11-20,2,227.863733533634
2015-11-21,2,364.001891067586
2015-11-22,2,412.356910869242
2015-11-23,2,252.705465822807
2015-11-24,2,253.437861780942
2015-11-25,2,255.115425796983
2015-11-26,2,275.094910670148
2015-11-27,2,283.115432286782
2015-11-28,2,403.083011014191
2015-11-29,2,481.333773696359
2015-11-30,2,288.123644467983
2015-12-01,2,251.710213001089
2015-12-02,2,223.700501598317
2015-12-03,2,271.393516674893
2015-12-04,2,223.004926208522
2015-12-05,2,376.387257691091
2015-12-06,2,491.74583143461
2015-12-07,2,238.587801055645
2015-12-08,2,259.237368045978
2015-12-09,2,261.967843681113
2015-12-10,2,275.871019893576
2015-12-11,2,257.995780454492
2015-12-12,2,416.865761579601
2015-12-13,2,456.754742945117
2015-12-14,2,202.61788967914
2015-12-15,2,238.987287986511
2015-12-16,2,239.155705804931
2015-12-17,2,266.802079117368
2015-12-18,2,247.565727389495
2015-12-19,2,326.552122517566
2015-12-20,2,368.79655844807
2015-12-21,2,249.442416541576
2015-12-22,2,298.307772523706
2015-12-23,2,328.219884484061
2015-12-24,2,395.242017468912
2015-12-27,2,426.706629411613
2015-12-28,2,380.798137500876
2015-12-29,2,410.805384325764
2015-12-30,2,534.795914565585
2015-12-31,2,643.674702906675
2016-01-02,2,534.255462379152
2016-01-03,2,436.582470124766
2016-01-04,2,283.580198278466
2016-01-05,2,291.599756968942
2016-01-06,2,255.147894787261
2016-01-07,2,231.157221388404
2016-01-08,2,240.732081245657
2016-01-09,2,310.19021362033
2016-01-10,2,410.089486410343
2016-01-11,2,230.99605551649
2016-01-12,2,209.647066822165
2016-01-13,2,212.715205906421
2016-01-14,2,245.041703770516
2016-01-15,2,265.688670335341
2016-01-16,2,294.730277690986
2016-01-17,2,416.27974422688
2016-01-18,2,196.76012234694
2016-01-19,2,207.412383271762
2016-01-20,2,233.00854277551
2016-01-21,2,222.627075082388
2016-01-22,2,246.118891098791
2016-01-23,2,273.076862089786
2016-01-24,2,387.324227337581
2016-01-25,2,248.99728128206
2016-01-26,2,221.127801890975
2016-01-27,2,226.325022919998
2016-01-28,2,236.14096812416
2016-01-29,2,267.454875544475
2016-01-30,2,329.964997391404
2016-01-31,2,382.123533692755
2016-02-01,2,320.500473747742
2016-02-02,2,334.195166966653
2016-02-03,2,295.824206669011
2016-02-04,2,341.286700292853
2016-02-05,2,287.795395648607
2016-02-06,2,474.051333102261
2016-02-07,2,579.707767204789
2016-02-08,2,244.238888656956
2016-02-09,2,291.262085727926
2016-02-10,2,257.330664582919
2016-02-11,2,297.503299343127
2016-02-12,2,240.946116831232
2016-02-13,2,426.139933426771
2016-02-14,2,468.275277107278
2016-02-15,2,290.195276965657
2016-02-16,2,275.870590746456
2016-02-17,2,282.850720027412
2016-02-18,2,328.449175370905
2016-02-19,2,322.078092028064
2016-02-20,2,443.775109403269
2016-02-21,2,498.815874652613
2016-02-22,2,236.927035507922
2016-02-23,2,260.990205479987
2016-02-24,2,242.649924353059
2016-02-25,2,237.155536345003
2016-02-26,2,254.772713211861
2016-02-27,2,344.439727506896
2016-02-28,2,475.067504097736
2016-02-29,2,213.574073422175
2016-03-01,2,227.734771550322
2016-03-02,2,222.095648232034
2016-03-03,2,229.046716982771
2016-03-04,2,219.883104831763
2016-03-05,2,307.355804230078
2016-03-06,2,424.997870111198
2016-03-07,2,261.046920938025
2016-03-08,2,266.517131416557
2016-03-09,2,271.328765064048
2016-03-10,2,293.908820913272
2016-03-11,2,254.5335408235
2016-03-12,2,369.210704930203
2016-03-13,2,457.374192354555
2016-03-14,2,248.430200784947
2016-03-15,2,274.617100464435
2016-03-16,2,284.674093245276
2016-03-17,2,292.66701959477
2016-03-18,2,271.254945413232
2016-03-19,2,380.23741771866
2016-03-20,2,527.51544193685
2016-03-21,2,270.390507218686
2016-03-22,2,305.474521378648
2016-03-23,2,328.778860928535
2016-03-26,2,603.695640303816
2016-03-27,2,684.171162722579
2016-03-28,2,593.601919712894
2016-03-29,2,384.312439396431
2016-03-30,2,337.623139607796
2016-03-31,2,368.852751120523
2016-04-01,2,369.569826021304
2016-04-02,2,436.278040312197
2016-04-03,2,401.200597393477
2016-04-04,2,261.63640016653
2016-04-05,2,246.716621441029
2016-04-06,2,285.481476537921
2016-04-07,2,281.790814958438
2016-04-08,2,256.02856475427
2016-04-09,2,350.321119468727
2016-04-10,2,396.748147555459
2016-04-11,2,266.366625292038
2016-04-12,2,258.442290134172
2016-04-13,2,264.607767409568
2016-04-14,2,265.260826538153
2016-04-15,2,252.480598904069
2016-04-16,2,343.737114318693
2016-04-17,2,414.521614252364
2016-04-18,2,278.295779079878
2016-04-19,2,246.549064599033
2016-04-20,2,237.679797411646
2016-04-21,2,275.748854017986
2016-04-22,2,275.38376345089
2016-04-23,2,332.231280619225
2016-04-24,2,390.150348783304
2016-04-25,2,291.664653265081
2016-04-26,2,259.458654116745
2016-04-27,2,245.398926176158
2016-04-28,2,253.333171941653
2016-04-29,2,303.736923397452
2016-04-30,2,358.802853523612
2016-05-01,2,482.578324661218
2016-05-02,2,320.995419915468
2016-05-03,2,289.708731482993
2016-05-04,2,340.854574986743
2016-05-05,2,520.85778075021
2016-05-06,2,549.571974612779
2016-05-07,2,513.379310537856
2016-05-08,2,603.774496490781
2016-05-09,2,316.234375653089
2016-05-10,2,305.219598795191
2016-05-11,2,309.345908790116
2016-05-12,2,322.631252723179
2016-05-13,2,329.450437716182
2016-05-14,2,451.821867120768
2016-05-15,2,522.220037792634
2016-05-16,2,571.613453642502
2016-05-17,2,399.004465280682
2016-05-18,2,374.186876677991
2016-05-19,2,332.185760629374
2016-05-20,2,349.453247646396
2016-05-21,2,417.308630991789
2016-05-22,2,399.272621728124
2016-05-23,2,339.099125176726
2016-05-24,2,297.823624960247
2016-05-25,2,275.388396878139
2016-05-26,2,382.775874053643
2016-05-27,2,428.082278565753
2016-05-28,2,475.9291538663
2016-05-29,2,536.394778519185
2016-05-30,2,352.200537133603
2016-05-31,2,336.967608768399
2016-06-01,2,329.675592570305
2016-06-02,2,300.201116439216
2016-06-03,2,360.161707281065
2016-06-04,2,484.977536743856
2016-06-05,2,505.183025938884
2016-06-06,2,336.086485363912
2016-06-07,2,335.422218343796
2016-06-08,2,359.982420677576
2016-06-09,2,346.890563142984
2016-06-10,2,382.462286135426
2016-06-11,2,411.583071431955
2016-06-12,2,493.709599656085
2016-06-13,2,321.713222457414
2016-06-14,2,306.10547510178
2016-06-15,2,279.035829075679
2016-06-16,2,305.679673037153
2016-06-17,2,349.831794411109
2016-06-18,2,455.115566690297
2016-06-19,2,515.510722561944
2016-06-20,2,414.129888774016
2016-06-21,2,390.81874030213
2016-06-22,2,437.625292013129
2016-06-23,2,444.85642620105
2016-06-24,2,504.789708077128
2016-06-25,2,770.940264429072
2016-06-26,2,673.058408685448
2016-06-27,2,457.726032088298
2016-06-28,2,402.680603677028
2016-06-29,2,370.9905058322
2016-06-30,2,402.024053504751
2016-07-01,2,359.955266934243
2016-07-02,2,458.046656207515
2016-07-03,2,549.801708096745
2016-07-04,2,366.052910892549
2016-07-05,2,390.290376373584
2016-07-06,2,423.119096446191
2016-07-08,2,406.844268769529
2016-07-09,2,411.184304372527
2016-07-10,2,603.862275871903
2016-07-11,2,434.120775058025
2016-07-12,2,442.540104956313
2016-07-13,2,441.154248420539
2016-07-14,2,477.904668200072
2016-07-15,2,455.61544571849
2016-07-16,2,501.587558806011
2016-07-17,2,666.527946705603
2016-07-19,2,498.531530465481
2016-07-20,2,504.911090771417
2016-07-21,2,518.05696353344
2016-07-22,2,552.606019978418
2016-07-23,2,649.673625708709
2016-07-24,2,642.671545332675
2016-07-25,2,578.144391563216
2016-07-26,2,591.405293925478
2016-07-27,2,599.470800802549
2016-07-28,2,589.818472576254
2016-07-29,2,585.737375255411
2016-07-30,2,654.881851014471
2016-07-31,2,705.270631053338
2016-08-01,2,612.243855464434
2016-08-02,2,640.359288495899
2016-08-03,2,546.681324306856
2016-08-04,2,572.9375007087
2016-08-05,2,582.139047360436
2016-08-06,2,627.399879345698
2016-08-07,2,717.630142641236
2016-08-08,2,590.364639279926
2016-08-09,2,614.057655871662
2016-08-10,2,591.248086981698
2016-08-11,2,598.898338586543
2016-08-12,2,628.540557526445
2016-08-13,2,738.269009184729
2016-08-16,2,563.245539657153
2016-08-17,2,580.959984588054
2016-08-18,2,517.663284471291
2016-08-19,2,547.814607365311
2016-08-20,2,727.82813857717
2016-08-21,2,611.969263585254
2016-08-22,2,503.322164342482
2016-08-23,2,394.591725517269
2016-08-24,2,421.314999974756
2016-08-25,2,423.336573971822
2016-08-26,2,457.308960245821
2016-08-27,2,591.839425440136
2016-08-28,2,601.750589159833
2016-08-29,2,375.061712132817
2016-08-30,2,363.235887655092
2016-08-31,2,365.214393739474
2016-09-01,2,414.957000694047
2016-09-02,2,387.212025911342
2016-09-03,2,448.508773592816
2016-09-04,2,504.632657854187
2016-09-05,2,359.122720726491
2016-09-06,2,377.634634092805
2016-09-07,2,335.203709564339
2016-09-08,2,414.047201809759
2016-09-09,2,388.211917631675
2016-09-10,2,507.689903698188
2016-09-11,2,545.176831557782
2016-09-12,2,360.218015490865
2016-09-13,2,357.809460758136
2016-09-14,2,362.729463906085
2016-09-15,2,349.380070632085
2016-09-16,2,351.893580474176
2016-09-17,2,407.185483742369
2016-09-18,2,480.542581284257
2016-09-19,2,348.610476356749
2016-09-20,2,328.479395676693
2016-09-21,2,320.751362736203
2016-09-22,2,333.491710900249
2016-09-23,2,334.835340053426
2016-09-24,2,382.884661267337
2016-09-25,2,467.862772221578
2016-09-26,2,288.924972627933
2016-09-27,2,308.430274429297
2016-09-28,2,276.95747509989
2016-09-29,2,304.639393081772
2016-09-30,2,292.054154725351
2016-10-01,2,422.462880305042
2016-10-02,2,562.125467854407
2016-10-03,2,484.636032498125
2016-10-04,2,334.855690002673
2016-10-05,2,313.330103838322
2016-10-06,2,345.113524952996
2016-10-07,2,383.204234938422
2016-10-08,2,366.932902975983
2016-10-09,2,496.810974350594
2016-10-10,2,380.153458343839
2016-10-11,2,376.573866608268
2016-10-12,2,344.070542410265
2016-10-13,2,373.773464347884
2016-10-14,2,362.891896618259
2016-10-15,2,419.758055396142
2016-10-16,2,531.445003131207
2016-10-17,2,384.771661762652
2016-10-18,2,401.418865570001
2016-10-19,2,413.509458544512
2016-10-20,2,361.39994077193
2016-10-21,2,344.284592144664
2016-10-22,2,362.998937459473
2016-10-23,2,432.075653766841
2016-10-24,2,283.900274763154
2016-10-25,2,275.214526471799
2016-10-26,2,289.426912922535
2016-10-27,2,270.934898095161
2016-10-28,2,259.659612215792
2016-10-29,2,302.126163329756
2016-10-30,2,473.283997822259
2016-10-31,2,326.876981669562
2016-11-01,2,247.262323992562
2016-11-02,2,258.630529285405
2016-11-03,2,279.971350500935
2016-11-04,2,243.545607844563
2016-11-05,2,281.817751432173
2016-11-06,2,460.230229180135
2016-11-07,2,255.648328676303
2016-11-08,2,204.169287713438
2016-11-09,2,225.625409365451
2016-11-10,2,222.952935466743
2016-11-11,2,248.496512725195
2016-11-12,2,334.977522413811
2016-11-13,2,474.067020573429
2016-11-14,2,241.872122463559
2016-11-15,2,226.597706259018
2016-11-16,2,223.910531432435
2016-11-17,2,217.353481812849
2016-11-18,2,251.940427195203
2016-11-19,2,241.369289867448
2016-11-20,2,401.605485731958
2016-11-21,2,269.243262515845
2016-11-22,2,291.595873590611
2016-11-23,2,228.728425858361
2016-11-24,2,260.982600573745
2016-11-25,2,273.012101942408
2016-11-26,2,352.306886988669
2016-11-27,2,469.43311875982
2016-11-28,2,250.19685466648
2016-11-29,2,267.035376741299
2016-11-30,2,269.284875545542
2016-12-01,2,289.176303581184
2016-12-02,2,251.175708024115
2016-12-03,2,303.777431914782
2016-12-04,2,425.776045338157
2016-12-05,2,248.023029715188
2016-12-06,2,242.026570423275
2016-12-07,2,254.664630713786
2016-12-08,2,286.690546648509
2016-12-09,2,240.502242286095
2016-12-10,2,345.301145371851
2016-12-11,2,486.685095537576
2016-12-12,2,207.604751430375
2016-12-13,2,233.770001608963
2016-12-14,2,221.942272035382
2016-12-15,2,249.859463715467
2016-12-16,2,231.827718336113
2016-12-18,2,565.041664760473
2016-12-19,2,228.043120399182
2016-12-20,2,230.544660181159
2016-12-21,2,262.933974860887
2016-12-22,2,294.632086675127
2016-12-23,2,320.332320272135
2016-12-24,2,435.412836448077
2016-12-27,2,353.797791827776
2016-12-28,2,369.891376672855
2016-12-29,2,412.345692402398
2016-12-30,2,488.254599774454
2016-12-31,2,569.614587079687
2017-01-02,2,363.785766586536
2017-01-03,2,309.961108123739
2017-01-04,2,299.025295009328
2017-01-05,2,336.671269192301
2017-01-06,2,275.932996044414
2017-01-07,2,270.247354621077
2017-01-08,2,352.056991405427
2017-01-09,2,238.253386603281
2017-01-10,2,204.467443051391
2017-01-11,2,174.999832388788
2017-01-12,2,209.351176619157
2017-01-13,2,226.484139777162
2017-01-14,2,264.018180316324
2017-01-15,2,370.953894851707
2017-01-16,2,221.861834510936
2017-01-17,2,237.865415972532
2017-01-18,2,229.183246697448
2017-01-19,2,217.31433192757
2017-01-20,2,246.618836422496
2017-01-21,2,271.392050660175
2017-01-22,2,378.605208890515
2017-01-23,2,200.650869397269
2017-01-24,2,224.008464683995
2017-01-25,2,215.33818679634
2017-01-26,2,248.421889120763
2017-01-27,2,247.138197864919
2017-01-28,2,313.682969192529
2017-01-29,2,379.072962437235
2017-01-30,2,239.843727193044
2017-01-31,2,221.330857530692
2017-02-01,2,239.504840288098
2017-02-02,2,222.76706749452
2017-02-03,2,212.92401534834
2017-02-04,2,276.252863559981
2017-02-05,2,374.084257351283
2017-02-06,2,237.959555280101
2017-02-07,2,266.645083093324
2017-02-08,2,249.061981621222
2017-02-09,2,250.490563349257
2017-02-10,2,261.357365889667
2017-02-11,2,370.184991912543
2017-02-12,2,416.379213088695
2017-02-13,2,253.451793499213
2017-02-14,2,255.75728975769
2017-02-15,2,278.538706748637
2017-02-16,2,309.868693401512
2017-02-17,2,272.294876852516
2017-02-18,2,428.420760681624
2017-02-19,2,447.567200414903
2017-02-20,2,253.268174669793
2017-02-21,2,228.580529593722
2017-02-22,2,190.339694203761
2017-02-23,2,211.823498155332
2017-02-24,2,239.782123705357
2017-02-25,2,312.627992129368
2017-02-26,2,428.913586120998
2017-02-27,2,309.386402370393
2017-02-28,2,229.94140636776
2017-03-01,2,249.680771523383
2017-03-02,2,236.090084433661
2017-03-03,2,238.976721219758
2017-03-04,2,294.842273268246
2017-03-05,2,402.778273319068
2017-03-06,2,243.60177838846
2017-03-07,2,220.995436239232
2017-03-08,2,229.762106992602
2017-03-09,2,270.975919358021
2017-03-10,2,269.069152280242
2017-03-11,2,275.941241422517
2017-03-12,2,491.90798485682
2017-03-13,2,242.464512144723
2017-03-14,2,243.409665197197
2017-03-15,2,241.207717005148
2017-03-16,2,227.081015697025
2017-03-17,2,225.002939044633
2017-03-18,2,287.843905619013
2017-03-19,2,381.163708694666
2017-03-20,2,225.438695753547
2017-03-21,2,234.577222381036
2017-03-22,2,239.754869003961
2017-03-23,2,242.789527548901
2017-03-24,2,263.089113905418
2017-03-25,2,332.663651438926
2017-03-26,2,439.134557811679
2017-03-27,2,281.658152255303
2017-03-28,2,301.988407159166
2017-03-29,2,283.901062102534
2017-03-30,2,258.352530429171
2017-03-31,2,335.790960706967
2017-04-01,2,400.922478349418
2017-04-02,2,432.301825932669
2017-04-03,2,281.878141494214
2017-04-04,2,281.892523822351
2017-04-05,2,250.769371674356
2017-04-06,2,254.338964495354
2017-04-07,2,334.908836896616
2017-04-08,2,437.165237854628
2017-04-09,2,436.776106619664
2017-04-10,2,371.780197997679
2017-04-11,2,358.664757300646
2017-04-12,2,355.373078137408
2017-04-13,2,538.001607100292
2017-04-15,2,703.461610637217
2017-04-16,2,587.643444652763
2017-04-17,2,535.752770931191
2017-04-18,2,385.935119291841
2017-04-19,2,335.51977175735
2017-04-20,2,379.098895887089
2017-04-21,2,362.773394053737
2017-04-22,2,288.896109942583
2017-04-23,2,344.478120384968
2017-04-24,2,252.01457232722
2017-04-25,2,264.954804770732
2017-04-26,2,249.875360970281
2017-04-27,2,307.530107231385
2017-04-28,2,307.704983145882
2017-04-29,2,398.46430059208
2017-04-30,2,562.916646456546
2017-05-02,2,315.630672686886
2017-05-03,2,284.682835501851
2017-05-04,2,295.915357606995
2017-05-05,2,285.806850844963
2017-05-06,2,362.221217999852
2017-05-07,2,508.869139944886
2017-05-08,2,311.132934202698
2017-05-09,2,329.987372950283
2017-05-10,2,336.064196426434
2017-05-11,2,363.473342078586
2017-05-12,2,367.750542687151
2017-05-13,2,459.7247031502
2017-05-14,2,530.58659713245
2017-05-15,2,342.889202042715
2017-05-16,2,313.764952419603
2017-05-17,2,280.817288739061
2017-05-18,2,292.893495200293
2017-05-19,2,323.868172489266
2017-05-20,2,399.207931088701
2017-05-21,2,490.732842299275
2017-05-22,2,320.454391423915
2017-05-23,2,298.6104668373
2017-05-24,2,321.683000444292
2017-05-25,2,482.301654528959
2017-05-26,2,477.872595597851
2017-05-27,2,466.44498663774
2017-05-28,2,562.175923774896
2017-05-29,2,353.209476241264
2017-05-30,2,317.086764790425
2017-05-31,2,312.984752322811
2017-06-01,2,326.444731043874
2017-06-02,2,352.166900202888
2017-06-03,2,430.671317030427
2017-06-04,2,475.727406203782
2017-06-05,2,631.207142909744
2017-06-06,2,405.757523699606
2017-06-07,2,328.179059389348
2017-06-08,2,333.992680117377
2017-06-09,2,360.541873839481
2017-06-10,2,394.659748547811
2017-06-11,2,468.687847891715
2017-06-12,2,321.626699370205
2017-06-13,2,359.221168966116
2017-06-14,2,329.596145708856
2017-06-15,2,442.307093391398
2017-06-16,2,452.798153358759
2017-06-17,2,578.780125724772
2017-06-18,2,586.165188828483
2017-06-19,2,382.488175663817
2017-06-20,2,434.849517951858
2017-06-21,2,430.906719081176
2017-06-22,2,418.672448020086
2017-06-23,2,439.210505371538
2017-06-24,2,631.28176537999
2017-06-25,2,577.997897373246
2017-06-26,2,343.416699850294
2017-06-27,2,352.863655088474
2017-06-28,2,375.93664906759
2017-06-29,2,359.267467899639
2017-06-30,2,332.500323215319
2017-07-01,2,443.178850570886
2017-07-02,2,477.995936942089
2017-07-03,2,373.267876537498
2017-07-05,2,457.585596181938
2017-07-06,2,448.518282397681
2017-07-07,2,476.283376116767
2017-07-08,2,580.465886398025
2017-07-09,2,613.942968297244
2017-07-10,2,403.02834298579
2017-07-11,2,423.994881388252
2017-07-12,2,395.371907193752
2017-07-13,2,460.294611216087
2017-07-14,2,455.738678370628
2017-07-15,2,671.168738211215
2017-07-16,2,596.167592528165
2017-07-17,2,487.240000029275
2017-07-18,2,498.207067945866
2017-07-19,2,480.701110944238
2017-07-20,2,516.025848097357
2017-07-21,2,557.68775678789
2017-07-22,2,703.366173269316
2017-07-23,2,607.272441480619
2017-07-24,2,579.28803115614
2017-07-25,2,510.733529654244
2017-07-26,2,507.820179245606
2017-07-27,2,582.549770241516
2017-07-28,2,551.167149777235
2017-07-29,2,557.05720038088
2017-07-30,2,605.805099130182
2017-07-31,2,548.102447200155
2017-08-01,2,557.470897762849
2017-08-02,2,584.846712161711
2017-08-03,2,483.068231580132
2017-08-04,2,542.553671194929
2017-08-05,2,641.275312196642
2017-08-06,2,591.809052421491
2017-08-07,2,533.297032767377
2017-08-08,2,573.241944463135
2017-08-09,2,502.947388962741
2017-08-10,2,500.543723798549
2017-08-11,2,505.047502675496
2017-08-12,2,573.942499138818
2017-08-13,2,537.191803566869
2017-08-14,2,516.880895848593
2017-08-15,2,546.664314691533
2017-08-16,2,469.926063751212
2017-08-17,2,473.637718291986
2017-08-18,2,479.414134575115
2017-08-19,2,580.484834323311
2017-08-20,2,590.703195653633
2017-08-21,2,515.578324075335
2017-08-22,2,476.178832179405
2017-08-23,2,429.116714335813
2017-08-24,2,422.213771239195
2017-08-25,2,442.732011562091
2017-08-26,2,564.453618112439
2017-08-27,2,555.617737882176
2017-08-28,2,375.106401311545
2017-08-29,2,394.195226668081
2017-08-30,2,327.159789018683
2017-08-31,2,340.930337220358
2017-09-01,2,399.444523250408
2017-09-02,2,466.967160277238
2017-09-03,2,479.387641035422
2017-09-04,2,355.94087862583
2017-09-05,2,386.954024423501
2017-09-06,2,312.667997301409
2017-09-07,2,364.564869565609
2017-09-08,2,369.645285330752
2017-09-09,2,416.110856064126
2017-09-10,2,454.470095911454
2017-09-11,2,358.793512389578
2017-09-12,2,347.406580605801
2017-09-13,2,337.409370036303
2017-09-14,2,340.662703674034
2017-09-15,2,432.422620446303
2017-09-16,2,447.940908680045
2017-09-17,2,459.052266852698
2017-09-18,2,327.604747777746
2017-09-19,2,350.796085891856
2017-09-20,2,327.316885604123
2017-09-21,2,346.445711767799
2017-09-22,2,333.5839216348
2017-09-23,2,473.504862819239
2017-09-24,2,458.465028172516
2017-09-25,2,333.725438872592
2017-09-26,2,340.433148310897
2017-09-27,2,321.728513800716
2017-09-28,2,298.418454994531
2017-09-29,2,294.899530794863
2017-09-30,2,462.219387511129
2017-10-01,2,482.460028588969
2017-10-02,2,416.188671695034
2017-10-03,2,430.516526724611
2017-10-04,2,346.167979112914
2017-10-05,2,363.881685966128
2017-10-06,2,352.324966147355
2017-10-07,2,430.659601825742
2017-10-08,2,418.348640476775
2017-10-09,2,346.977530455896
2017-10-10,2,351.217908832379
2017-10-11,2,336.813478750163
2017-10-12,2,382.367462848501
2017-10-13,2,309.8633490044
2017-10-14,2,434.467341639047
2017-10-15,2,344.48636003095
2017-10-16,2,313.414024678493
2017-10-17,2,314.894199026618
2017-10-18,2,291.300108482409
2017-10-19,2,306.426761381544
2017-10-20,2,326.510780245307
2017-10-21,2,452.875625104392
2017-10-22,2,404.973329492274
2017-10-24,2,310.956784627679
2017-10-25,2,285.058191402963
2017-10-26,2,342.851565447742
2017-10-27,2,362.44637478017
2017-10-28,2,456.630686137661
2017-10-29,2,448.514219873353
2017-10-30,2,485.119995266557
2017-11-01,2,333.775763857183
2017-11-02,2,289.928187173423
2017-11-03,2,317.661008764793
2017-11-04,2,400.040015894834
2017-11-05,2,452.165131137755
2017-11-06,2,227.298126378115
2017-11-07,2,247.370645548107
2017-11-08,2,231.568334395068
2017-11-09,2,214.192421886817
2017-11-10,2,240.147772612989
2017-11-11,2,330.821014358192
2017-11-12,2,424.737614094006
2017-11-13,2,243.19194827243
2017-11-14,2,241.340042607729
2017-11-15,2,204.700017283118
2017-11-16,2,256.52892175252
2017-11-17,2,251.229756059786
2017-11-18,2,292.509471843811
2017-11-19,2,445.805374359408
2017-11-20,2,233.300572557871
2017-11-21,2,239.880672674019
2017-11-22,2,232.978187183353
2017-11-23,2,227.736117661395
2017-11-24,2,234.503720902989
2017-11-25,2,266.39409981616
2017-11-26,2,462.02051039162
2017-11-27,2,246.485981907524
2017-11-28,2,182.668977030814
2017-11-29,2,222.218638281581
2017-11-30,2,216.78430330821
2017-12-01,2,243.454112286962
2017-12-02,2,288.536116007129
2017-12-03,2,434.563859195436
2017-12-04,2,215.359624111002
2017-12-05,2,226.946486233653
2017-12-06,2,208.992261848017
2017-12-07,2,203.813113698898
2017-12-08,2,226.268514034133
2017-12-09,2,337.94476310996
2017-12-10,2,405.993257717094
2017-12-11,2,202.053997883196
2017-12-12,2,195.040468251702
2017-12-13,2,194.161309340236
2017-12-14,2,244.558358353928
2017-12-15,2,207.051404204092
2017-12-16,2,359.391246869914
2017-12-17,2,414.241268554725
2017-12-18,2,236.172051459289
2017-12-19,2,219.58854798377
2017-12-20,2,263.813806442959
2017-12-21,2,295.983386515154
2017-12-22,2,253.999700547864
2017-12-23,2,321.143876209997
2017-12-24,2,578.995938801802
2017-12-27,2,366.39193384108
2017-12-28,2,389.287596176283
2017-12-29,2,433.432993002541
2017-12-30,2,492.431858117778
2017-12-31,2,558.704848833107
